{
    "name": "root",
    "metadata": {
        "timer_format_version": "0.1.0",
        "start_time_seconds": "1648405578",
        "python_version": "3.9.1 (tags/v3.9.1:1e5d33e, Dec  7 2020, 17:08:21) [MSC v.1927 64 bit (AMD64)]",
        "command_line_arguments": "D:\\Python3_9_1\\Scripts\\mlagents-learn ./trainer_config.yaml --run-id pippo_nn --resume",
        "mlagents_version": "0.25.0",
        "mlagents_envs_version": "0.25.0",
        "communication_protocol_version": "1.5.0",
        "pytorch_version": "1.7.1+cu110",
        "numpy_version": "1.20.0",
        "end_time_seconds": "1648405606"
    },
    "total": 28.7919102,
    "count": 1,
    "self": 0.01386510000000385,
    "children": {
        "run_training.setup": {
            "total": 0.11773429999999996,
            "count": 1,
            "self": 0.11773429999999996
        },
        "TrainerController.start_learning": {
            "total": 28.660310799999998,
            "count": 1,
            "self": 0.01097090000000378,
            "children": {
                "TrainerController._reset_env": {
                    "total": 10.1819452,
                    "count": 1,
                    "self": 10.1819452
                },
                "TrainerController.advance": {
                    "total": 18.318088899999992,
                    "count": 109,
                    "self": 0.0015208999999671846,
                    "children": {
                        "env_step": {
                            "total": 18.316568000000025,
                            "count": 109,
                            "self": 18.18162360000003,
                            "children": {
                                "SubprocessEnvManager._take_step": {
                                    "total": 0.13338749999999067,
                                    "count": 109,
                                    "self": 0.008382199999978468,
                                    "children": {
                                        "TorchPolicy.evaluate": {
                                            "total": 0.1250053000000122,
                                            "count": 109,
                                            "self": 0.02301459999999267,
                                            "children": {
                                                "TorchPolicy.sample_actions": {
                                                    "total": 0.10199070000001953,
                                                    "count": 109,
                                                    "self": 0.10199070000001953
                                                }
                                            }
                                        }
                                    }
                                },
                                "workers": {
                                    "total": 0.0015569000000024147,
                                    "count": 108,
                                    "self": 0.0,
                                    "children": {
                                        "worker_root": {
                                            "total": 18.2160842,
                                            "count": 108,
                                            "is_parallel": true,
                                            "self": 0.3073806999999782,
                                            "children": {
                                                "steps_from_proto": {
                                                    "total": 0.0006351000000002216,
                                                    "count": 1,
                                                    "is_parallel": true,
                                                    "self": 0.00014260000000021478,
                                                    "children": {
                                                        "_process_rank_one_or_two_observation": {
                                                            "total": 0.0004925000000000068,
                                                            "count": 4,
                                                            "is_parallel": true,
                                                            "self": 0.0004925000000000068
                                                        }
                                                    }
                                                },
                                                "UnityEnvironment.step": {
                                                    "total": 17.908068400000023,
                                                    "count": 108,
                                                    "is_parallel": true,
                                                    "self": 0.01143550000003657,
                                                    "children": {
                                                        "UnityEnvironment._generate_step_input": {
                                                            "total": 0.0455535999999821,
                                                            "count": 108,
                                                            "is_parallel": true,
                                                            "self": 0.0455535999999821
                                                        },
                                                        "communicator.exchange": {
                                                            "total": 17.774925500000002,
                                                            "count": 108,
                                                            "is_parallel": true,
                                                            "self": 17.774925500000002
                                                        },
                                                        "steps_from_proto": {
                                                            "total": 0.07615379999999838,
                                                            "count": 108,
                                                            "is_parallel": true,
                                                            "self": 0.016902299999999926,
                                                            "children": {
                                                                "_process_rank_one_or_two_observation": {
                                                                    "total": 0.05925149999999846,
                                                                    "count": 432,
                                                                    "is_parallel": true,
                                                                    "self": 0.05925149999999846
                                                                }
                                                            }
                                                        }
                                                    }
                                                }
                                            }
                                        }
                                    }
                                }
                            }
                        }
                    }
                },
                "trainer_threads": {
                    "total": 2.3699999999848842e-05,
                    "count": 1,
                    "self": 2.3699999999848842e-05,
                    "children": {
                        "thread_root": {
                            "total": 0.0,
                            "count": 0,
                            "is_parallel": true,
                            "self": 0.0,
                            "children": {
                                "trainer_advance": {
                                    "total": 18.304015799999988,