{
    "name": "root",
    "gauges": {
        "PathFollowing.Policy.Entropy.mean": {
            "value": 1.4660805463790894,
            "min": 1.4189382791519165,
            "max": 1.4670411348342896,
            "count": 190
        },
        "PathFollowing.Policy.Entropy.sum": {
            "value": 14659.33984375,
            "min": 13628.298828125,
            "max": 15185.103515625,
            "count": 190
        },
        "PathFollowing.Policy.ExtrinsicValueEstimate.mean": {
            "value": -3.486210346221924,
            "min": -7.20095682144165,
            "max": -1.4222369194030762,
            "count": 190
        },
        "PathFollowing.Policy.ExtrinsicValueEstimate.sum": {
            "value": -278.8968200683594,
            "min": -576.0765380859375,
            "max": -113.7789535522461,
            "count": 190
        },
        "PathFollowing.Environment.EpisodeLength.mean": {
            "value": 998.9,
            "min": 842.9090909090909,
            "max": 998.9090909090909,
            "count": 190
        },
        "PathFollowing.Environment.EpisodeLength.sum": {
            "value": 9989.0,
            "min": 8728.0,
            "max": 10988.0,
            "count": 190
        },
        "PathFollowing.Environment.CumulativeReward.mean": {
            "value": -39.09673479795456,
            "min": -169.83148646354675,
            "max": -30.1190825343132,
            "count": 190
        },
        "PathFollowing.Environment.CumulativeReward.sum": {
            "value": -390.9673479795456,
            "min": -1698.3148646354675,
            "max": -301.190825343132,
            "count": 190
        },
        "PathFollowing.Policy.ExtrinsicReward.mean": {
            "value": -39.09673479795456,
            "min": -169.83148646354675,
            "max": -30.1190825343132,
            "count": 190
        },
        "PathFollowing.Policy.ExtrinsicReward.sum": {
            "value": -390.9673479795456,
            "min": -1698.3148646354675,
            "max": -301.190825343132,
            "count": 190
        },
        "PathFollowing.Events.Goals.mean": {
            "value": 10.0,
            "min": 0.0,
            "max": 20.0,
            "count": 190
        },
        "PathFollowing.Events.Goals.sum": {
            "value": 10.0,
            "min": 0.0,
            "max": 20.0,
            "count": 190
        },
        "PathFollowing.Events.Timeouts.mean": {
            "value": 90.0,
            "min": 80.0,
            "max": 100.0,
            "count": 190
        },
        "PathFollowing.Events.Timeouts.sum": {
            "value": 90.0,
            "min": 80.0,
            "max": 190.0,
            "count": 190
        },
        "PathFollowing.Events.Collisions.mean": {
            "value": 0.0,
            "min": 0.0,
            "max": 90.0,
            "count": 190
        },
        "PathFollowing.Events.Collisions.sum": {
            "value": 0.0,
            "min": 0.0,
            "max": 90.0,
            "count": 190
        },
        "PathFollowing.Rewards.Goals.mean": {
            "value": 1.0,
            "min": 0.0,
            "max": 2.0,
            "count": 190
        },
        "PathFollowing.Rewards.Goals.sum": {
            "value": 1.0,
            "min": 0.0,
            "max": 2.0,
            "count": 190
        },
        "PathFollowing.Rewards.Dense.mean": {
            "value": -29.093496322631836,
            "min": -61.06694793701172,
            "max": -21.9100284576416,
            "count": 190
        },
        "PathFollowing.Rewards.Dense.sum": {
            "value": -29.093496322631836,
            "min": -83.62358856201172,
            "max": -21.9100284576416,
            "count": 190
        },
        "PathFollowing.Rewards.Collisions.mean": {
            "value": 0.0,
            "min": -116.0,
            "max": 0.0,
            "count": 190
        },
        "PathFollowing.Rewards.Collisions.sum": {
            "value": 0.0,
            "min": -116.0,
            "max": 0.0,
            "count": 190
        },
        "PathFollowing.Rewards.Time.mean": {
            "value": 0.0,
            "min": 0.0,
            "max": 0.0,
            "count": 190
        },
        "PathFollowing.Rewards.Time.sum": {
            "value": 0.0,
            "min": 0.0,
            "max": 0.0,
            "count": 190
        },
        "PathFollowing.Rewards.Distance.mean": {
            "value": -2909.35205078125,
            "min": -6106.69482421875,
            "max": -2191.00830078125,
            "count": 190
        },
        "PathFollowing.Rewards.Distance.sum": {
            "value": -2909.35205078125,
            "min": -8362.35205078125,
            "max": -2191.00830078125,
            "count": 190
        },
        "PathFollowing.Rewards.Allignment.mean": {
            "value": 0.0,
            "min": 0.0,
            "max": 0.0,
            "count": 190
        },
        "PathFollowing.Rewards.Allignment.sum": {
            "value": 0.0,
            "min": 0.0,
            "max": 0.0,
            "count": 190
        },
        "PathFollowing.Rewards.alignmentDistance_contribution.mean": {
            "value": 0.0,
            "min": 0.0,
            "max": 0.0,
            "count": 190
        },
        "PathFollowing.Rewards.alignmentDistance_contribution.sum": {
            "value": 0.0,
            "min": 0.0,
            "max": 0.0,
            "count": 190
        },
        "PathFollowing.IsTraining.mean": {
            "value": 1.0,
            "min": 1.0,
            "max": 1.0,
            "count": 190
        },
        "PathFollowing.IsTraining.sum": {
            "value": 1.0,
            "min": 1.0,
            "max": 1.0,
            "count": 190
        },
        "PathFollowing.Losses.PolicyLoss.mean": {
            "value": 0.033640361626118345,
            "min": 0.0314504754532633,
            "max": 0.03908890868799062,
            "count": 37
        },
        "PathFollowing.Losses.PolicyLoss.sum": {
            "value": 0.033640361626118345,
            "min": 0.0314504754532633,
            "max": 0.03908890868799062,
            "count": 37
        },
        "PathFollowing.Losses.ValueLoss.mean": {
            "value": 0.4042390171686808,
            "min": 0.33531232660015425,
            "max": 3.4207972876230874,
            "count": 37
        },
        "PathFollowing.Losses.ValueLoss.sum": {
            "value": 0.4042390171686808,
            "min": 0.33531232660015425,
            "max": 3.4207972876230874,
            "count": 37
        },
        "PathFollowing.Policy.LearningRate.mean": {
            "value": 9.6206671793332e-05,
            "min": 9.6206671793332e-05,
            "max": 9.989749810250199e-05,
            "count": 37
        },
        "PathFollowing.Policy.LearningRate.sum": {
            "value": 9.6206671793332e-05,
            "min": 9.6206671793332e-05,
            "max": 9.989749810250199e-05,
            "count": 37
        },
        "PathFollowing.Policy.Epsilon.mean": {
            "value": 0.19620666800000006,
            "min": 0.19620666800000006,
            "max": 0.19989749799999998,
            "count": 37
        },
        "PathFollowing.Policy.Epsilon.sum": {
            "value": 0.19620666800000006,
            "min": 0.19620666800000006,
            "max": 0.19989749799999998,
            "count": 37
        },
        "PathFollowing.Policy.Beta.mean": {
            "value": 0.0048107127332,
            "min": 0.0048107127332,
            "max": 0.004994885150200001,
            "count": 37
        },
        "PathFollowing.Policy.Beta.sum": {
            "value": 0.0048107127332,
            "min": 0.0048107127332,
            "max": 0.004994885150200001,
            "count": 37
        }
    },
    "metadata": {
        "timer_format_version": "0.1.0",
        "start_time_seconds": "1655882633",