{"count":1,"self":367.4171904,"total":7198.5457597999994,"children":{"InitializeActuators":{"count":64,"self":0.0029919,"total":0.0029919,"children":null},"InitializeSensors":{"count":64,"self":0.011968099999999999,"total":0.011968099999999999,"children":null},"AgentSendState":{"count":264351,"self":513.6073728,"total":620.7345196,"children":{"CollectObservations":{"count":1691904,"self":8.8626791999999988,"total":8.8626793,"children":null},"WriteActionMask":{"count":1691904,"self":2.0986306,"total":2.0986306,"children":null},"RequestDecision":{"count":1691904,"self":5.3051412,"total":96.1658156,"children":{"AgentInfo.ToProto":{"count":1691904,"self":5.7815204,"total":90.8606744,"children":{"GenerateSensorData":{"count":1691904,"self":68.1372544,"total":85.0791539,"children":{"RayPerceptionSensor.Perceive":{"count":1691904,"self":16.941899199999998,"total":16.9418996,"children":null}}}}}}}}},"DecideAction":{"count":264351,"self":6203.8867967999995,"total":6203.8869171999995,"children":null},"AgentAct":{"count":264351,"self":5.9875235999999994,"total":6.1720142,"children":{"AgentInfo.ToProto":{"count":2706,"self":0.016953199999999998,"total":0.1844906,"children":{"GenerateSensorData":{"count":2706,"self":0.143601,"total":0.1675374,"children":{"RayPerceptionSensor.Perceive":{"count":2706,"self":0.0239364,"total":0.0239364,"children":null}}}}}}},"AgentInfo.ToProto":{"count":4896,"self":0.0438827,"total":0.31914939999999997,"children":{"GenerateSensorData":{"count":4896,"self":0.2014551,"total":0.2752667,"children":{"RayPerceptionSensor.Perceive":{"count":4896,"self":0.073811599999999991,"total":0.073811599999999991,"children":null}}}}}},"gauges":{"PathFollowing.CumulativeReward":{"count":7602,"max":87.22195,"min":-723.179138,"runningAverage":-178.691422,"value":-203.33638,"weightedAverage":-184.847687}},"metadata":{"timer_format_version":"0.1.0","start_time_seconds":"1636614292","unity_version":"2020.3.12f1","command_line_arguments":"C:\\Users\\studente1\\Desktop\\Tesi_Alberti\\MyProject\\ML-builds\\Garage64EnvsNormalizedLocalPos\\GarageEnv64NormLocalPos.exe -nographics -batchmode --mlagents-port 5009 -logFile C:\\Users\\studente1\\Desktop\\Tesi_Alberti\\MyProject\\results\\1Park6x512NormLocalPos\\run_logs\\Player-4.log","communication_protocol_version":"1.5.0","com.unity.ml-agents_version":"2.0.0","scene_name":"GarageEnv","end_time_seconds":"1636621490"}}