{
    "name": "root",
    "gauges": {
        "PathFollowing.Policy.Entropy.mean": {
            "value": 1.2730642557144165,
            "min": 1.2730642557144165,
            "max": 1.330897569656372,
            "count": 95
        },
        "PathFollowing.Policy.Entropy.sum": {
            "value": 12801.93359375,
            "min": 9631.705078125,
            "max": 13391.4912109375,
            "count": 95
        },
        "PathFollowing.Environment.EpisodeLength.mean": {
            "value": 61.0,
            "min": 61.0,
            "max": 395.3125,
            "count": 95
        },
        "PathFollowing.Environment.EpisodeLength.sum": {
            "value": 9516.0,
            "min": 6325.0,
            "max": 10804.0,
            "count": 95
        },
        "PathFollowing.Policy.ExtrinsicValueEstimate.mean": {
            "value": 0.5930714011192322,
            "min": 0.04893017187714577,
            "max": 0.5930714011192322,
            "count": 95
        },
        "PathFollowing.Policy.ExtrinsicValueEstimate.sum": {
            "value": 94.29835510253906,
            "min": 3.3968405723571777,
            "max": 94.29835510253906,
            "count": 95
        },
        "PathFollowing.Environment.CumulativeReward.mean": {
            "value": 0.6100140661950324,
            "min": -0.05754547496326268,
            "max": 0.6100140661950324,
            "count": 95
        },
        "PathFollowing.Environment.CumulativeReward.sum": {
            "value": 95.77220839262009,
            "min": -1.7600366584956646,
            "max": 95.77220839262009,
            "count": 95
        },
        "PathFollowing.Policy.ExtrinsicReward.mean": {
            "value": 0.6100140661950324,
            "min": -0.05754547496326268,
            "max": 0.6100140661950324,
            "count": 95
        },
        "PathFollowing.Policy.ExtrinsicReward.sum": {
            "value": 95.77220839262009,
            "min": -1.7600366584956646,
            "max": 95.77220839262009,
            "count": 95
        },
        "PathFollowing.Events.Goals.mean": {
            "value": 100.0,
            "min": 73.33333333333333,
            "max": 100.0,
            "count": 95
        },
        "PathFollowing.Events.Goals.sum": {
            "value": 1500.0,
            "min": 80.0,
            "max": 1500.0,
            "count": 95
        },
        "PathFollowing.Events.Timeouts.mean": {
            "value": 0.0,
            "min": 0.0,
            "max": 26.666666666666668,
            "count": 95
        },
        "PathFollowing.Events.Timeouts.sum": {
            "value": 0.0,
            "min": 0.0,
            "max": 90.0,
            "count": 95
        },
        "PathFollowing.Events.Collisions.mean": {
            "value": 6.666666666666667,
            "min": 5.384615384615385,
            "max": 46.666666666666664,
            "count": 95
        },
        "PathFollowing.Events.Collisions.sum": {
            "value": 100.0,
            "min": 30.0,
            "max": 280.0,
            "count": 95
        },
        "PathFollowing.Rewards.Goals.mean": {
            "value": 1.0,
            "min": 0.7333333492279053,
            "max": 1.0,
            "count": 95
        },
        "PathFollowing.Rewards.Goals.sum": {
            "value": 15.0,
            "min": 0.800000011920929,
            "max": 15.0,
            "count": 95
        },
        "PathFollowing.Rewards.Dense.mean": {
            "value": -0.39685511191685996,
            "min": -0.9189727544784546,
            "max": -0.39685511191685996,
            "count": 95
        },
        "PathFollowing.Rewards.Dense.sum": {
            "value": -5.952826678752899,
            "min": -6.970905601978302,
            "max": -0.694500207901001,
            "count": 95
        },
        "PathFollowing.Rewards.Collisions.mean": {
            "value": -0.0007333333138376475,
            "min": -0.009333332224438587,
            "max": -0.0007333333138376475,
            "count": 95
        },
        "PathFollowing.Rewards.Collisions.sum": {
            "value": -0.010999999707564712,
            "min": -0.045999998692423105,
            "max": -0.004999999888241291,
            "count": 95
        },
        "PathFollowing.Rewards.Time.mean": {
            "value": 0.0,
            "min": 0.0,
            "max": 0.0,
            "count": 95
        },
        "PathFollowing.Rewards.Time.sum": {
            "value": 0.0,
            "min": 0.0,
            "max": 0.0,
            "count": 95
        },
        "PathFollowing.Rewards.Distance.mean": {
            "value": -39.674191284179685,
            "min": -91.74736022949219,
            "max": -39.674191284179685,
            "count": 95
        },
        "PathFollowing.Rewards.Distance.sum": {
            "value": -595.1128692626953,
            "min": -696.6386489868164,
            "max": -69.20337677001953,
            "count": 95
        },
        "PathFollowing.Rewards.Allignment.mean": {
            "value": -0.011327357062449058,
            "min": -0.637974102050066,
            "max": -0.011327357062449058,
            "count": 95
        },
        "PathFollowing.Rewards.Allignment.sum": {
            "value": -0.16991035593673587,
            "min": -2.551896408200264,
            "max": -0.16991035593673587,
            "count": 95
        },
        "PathFollowing.IsTraining.mean": {
            "value": 1.0,
            "min": 1.0,
            "max": 1.0,
            "count": 95
        },
        "PathFollowing.IsTraining.sum": {
            "value": 1.0,
            "min": 1.0,
            "max": 1.0,
            "count": 95
        },
        "PathFollowing.Losses.PolicyLoss.mean": {
            "value": 0.03602564195248609,
            "min": 0.03286965007040029,
            "max": 0.03665143903538895,
            "count": 18
        },
        "PathFollowing.Losses.PolicyLoss.sum": {
            "value": 0.03602564195248609,
            "min": 0.03286965007040029,
            "max": 0.03665143903538895,
            "count": 18
        },
        "PathFollowing.Losses.ValueLoss.mean": {
            "value": 0.006534932162612677,
            "min": 0.004725320858415216,
            "max": 0.010358063125362,
            "count": 18
        },
        "PathFollowing.Losses.ValueLoss.sum": {
            "value": 0.006534932162612677,
            "min": 0.004725320858415216,
            "max": 0.010358063125362,
            "count": 18
        },
        "PathFollowing.Policy.LearningRate.mean": {
            "value": 5.069298930706e-05,
            "min": 5.069298930706e-05,
            "max": 6.811783188219999e-05,
            "count": 18
        },
        "PathFollowing.Policy.LearningRate.sum": {
            "value": 5.069298930706e-05,
            "min": 5.069298930706e-05,
            "max": 6.811783188219999e-05,
            "count": 18
        },
        "PathFollowing.Policy.Epsilon.mean": {
            "value": 0.15069294,
            "min": 0.15069294,
            "max": 0.16811780000000004,
            "count": 18
        },
        "PathFollowing.Policy.Epsilon.sum": {
            "value": 0.15069294,
            "min": 0.15069294,
            "max": 0.16811780000000004,
            "count": 18
        },
        "PathFollowing.Policy.Beta.mean": {
            "value": 0.0025395777059999997,
            "min": 0.0025395777059999997,
            "max": 0.0034090782200000016,
            "count": 18
        },
        "PathFollowing.Policy.Beta.sum": {
            "value": 0.0025395777059999997,
            "min": 0.0025395777059999997,
            "max": 0.0034090782200000016,
            "count": 18
        }
    },
    "metadata": {
        "timer_format_version": "0.1.0",
        "start_time_seconds": "1653895330",
        "python_version": "3.9.1 (tags/v3.9.1:1e5d33e, Dec  7 2020, 17:08:21) [MSC v.1927 64 bit (AMD64)]",