{
    "name": "root",
    "gauges": {
        "PathFollowing.Policy.Entropy.mean": {
            "value": 1.2697328329086304,
            "min": 1.2697328329086304,
            "max": 1.2697694301605225,
            "count": 6
        },
        "PathFollowing.Policy.Entropy.sum": {
            "value": 12739.2294921875,
            "min": 7061.1875,
            "max": 12752.2939453125,
            "count": 6
        },
        "PathFollowing.Environment.EpisodeLength.mean": {
            "value": 532.65,
            "min": 374.22222222222223,
            "max": 532.65,
            "count": 6
        },
        "PathFollowing.Environment.EpisodeLength.sum": {
            "value": 10653.0,
            "min": 5421.0,
            "max": 10653.0,
            "count": 6
        },
        "PathFollowing.Policy.ExtrinsicValueEstimate.mean": {
            "value": 0.007556968368589878,
            "min": 0.0031794647220522165,
            "max": 0.08130202442407608,
            "count": 6
        },
        "PathFollowing.Policy.ExtrinsicValueEstimate.sum": {
            "value": 0.6423423290252686,
            "min": 0.2702544927597046,
            "max": 7.235880374908447,
            "count": 6
        },
        "PathFollowing.Environment.CumulativeReward.mean": {
            "value": -2.170602244138718,
            "min": -2.3558304458856583,
            "max": -1.188588704340733,
            "count": 6
        },
        "PathFollowing.Environment.CumulativeReward.sum": {
            "value": -43.41204488277435,
            "min": -47.116608917713165,
            "max": -21.10720130801201,
            "count": 6
        },
        "PathFollowing.Policy.ExtrinsicReward.mean": {
            "value": -2.170602244138718,
            "min": -2.3558304458856583,
            "max": -1.188588704340733,
            "count": 6
        },
        "PathFollowing.Policy.ExtrinsicReward.sum": {
            "value": -43.41204488277435,
            "min": -47.116608917713165,
            "max": -21.10720130801201,
            "count": 6
        },
        "PathFollowing.Events.Goals.mean": {
            "value": 50.0,
            "min": 50.0,
            "max": 60.0,
            "count": 6
        },
        "PathFollowing.Events.Goals.sum": {
            "value": 100.0,
            "min": 60.0,
            "max": 120.0,
            "count": 6
        },
        "PathFollowing.Events.Timeouts.mean": {
            "value": 50.0,
            "min": 40.0,
            "max": 50.0,
            "count": 6
        },
        "PathFollowing.Events.Timeouts.sum": {
            "value": 100.0,
            "min": 40.0,
            "max": 100.0,
            "count": 6
        },
        "PathFollowing.Events.Collisions.mean": {
            "value": 70.0,
            "min": 45.0,
            "max": 70.0,
            "count": 6
        },
        "PathFollowing.Events.Collisions.sum": {
            "value": 140.0,
            "min": 60.0,
            "max": 140.0,
            "count": 6
        },
        "PathFollowing.Rewards.Goals.mean": {
            "value": 0.5000000149011612,
            "min": 0.5000000149011612,
            "max": 0.6000000238418579,
            "count": 6
        },
        "PathFollowing.Rewards.Goals.sum": {
            "value": 1.0000000298023224,
            "min": 0.6000000238418579,
            "max": 1.2000000476837158,
            "count": 6
        },
        "PathFollowing.Rewards.Dense.mean": {
            "value": -2.753764510154724,
            "min": -2.753764510154724,
            "max": -2.1565682888031006,
            "count": 6
        },
        "PathFollowing.Rewards.Dense.sum": {
            "value": -5.507529020309448,
            "min": -5.507529020309448,
            "max": -2.1565682888031006,
            "count": 6
        },
        "PathFollowing.Rewards.Collisions.mean": {
            "value": -0.009999999077990651,
            "min": -0.011999998241662979,
            "max": -0.00549999950453639,
            "count": 6
        },
        "PathFollowing.Rewards.Collisions.sum": {
            "value": -0.019999998155981302,
            "min": -0.019999998155981302,
            "max": -0.01099999900907278,
            "count": 6
        },
        "PathFollowing.Rewards.Time.mean": {
            "value": 0.0,
            "min": 0.0,
            "max": 0.0,
            "count": 6
        },
        "PathFollowing.Rewards.Time.sum": {
            "value": 0.0,
            "min": 0.0,
            "max": 0.0,
            "count": 6
        },
        "PathFollowing.Rewards.Distance.mean": {
            "value": -275.3629150390625,
            "min": -275.3629150390625,
            "max": -215.64913940429688,
            "count": 6
        },
        "PathFollowing.Rewards.Distance.sum": {
            "value": -550.725830078125,
            "min": -550.725830078125,
            "max": -215.64913940429688,
            "count": 6
        },
        "PathFollowing.Rewards.Allignment.mean": {
            "value": -0.014235688373446465,
            "min": -0.12242108513601124,
            "max": -0.003366117598488927,
            "count": 6
        },
        "PathFollowing.Rewards.Allignment.sum": {
            "value": -0.02847137674689293,
            "min": -0.24484217027202249,
            "max": -0.003366117598488927,
            "count": 6
        },
        "PathFollowing.IsTraining.mean": {
            "value": 1.0,
            "min": 1.0,
            "max": 1.0,
            "count": 6
        },
        "PathFollowing.IsTraining.sum": {
            "value": 1.0,
            "min": 1.0,
            "max": 1.0,
            "count": 6
        },
        "PathFollowing.Losses.PolicyLoss.mean": {
            "value": 0.03409400354379613,
            "min": 0.03409400354379613,
            "max": 0.03409400354379613,
            "count": 1
        },
        "PathFollowing.Losses.PolicyLoss.sum": {
            "value": 0.03409400354379613,
            "min": 0.03409400354379613,
            "max": 0.03409400354379613,
            "count": 1
        },
        "PathFollowing.Losses.ValueLoss.mean": {
            "value": 0.004023880279855802,
            "min": 0.004023880279855802,
            "max": 0.004023880279855802,
            "count": 1
        },
        "PathFollowing.Losses.ValueLoss.sum": {
            "value": 0.004023880279855802,
            "min": 0.004023880279855802,
            "max": 0.004023880279855802,
            "count": 1
        },
        "PathFollowing.Policy.LearningRate.mean": {
            "value": 4.46858553142e-05,
            "min": 4.46858553142e-05,
            "max": 4.46858553142e-05,
            "count": 1
        },
        "PathFollowing.Policy.LearningRate.sum": {
            "value": 4.46858553142e-05,
            "min": 4.46858553142e-05,
            "max": 4.46858553142e-05,
            "count": 1
        },
        "PathFollowing.Policy.Epsilon.mean": {
            "value": 0.14468579999999998,
            "min": 0.14468579999999998,
            "max": 0.14468579999999998,
            "count": 1
        },
        "PathFollowing.Policy.Epsilon.sum": {
            "value": 0.14468579999999998,
            "min": 0.14468579999999998,
            "max": 0.14468579999999998,
            "count": 1
        },
        "PathFollowing.Policy.Beta.mean": {
            "value": 0.00223982142,
            "min": 0.00223982142,
            "max": 0.00223982142,
            "count": 1
        },
        "PathFollowing.Policy.Beta.sum": {
            "value": 0.00223982142,
            "min": 0.00223982142,
            "max": 0.00223982142,
            "count": 1
        }
    },
    "metadata": {
        "timer_format_version": "0.1.0",
        "start_time_seconds": "1654092119",
        "python_version": "3.9.1 (tags/v3.9.1:1e5d33e, Dec  7 2020, 17:08:21) [MSC v.1927 64 bit (AMD64)]",