{
    "name": "root",
    "metadata": {
        "timer_format_version": "0.1.0",
        "start_time_seconds": "1653642625",
        "python_version": "3.9.1 (tags/v3.9.1:1e5d33e, Dec  7 2020, 17:08:21) [MSC v.1927 64 bit (AMD64)]",
        "command_line_arguments": "D:\\Python3_9_1\\Scripts\\mlagents-learn ./trainer_config.yaml --run-id entry_initFromBasic_obsNotNormalized --resume",
        "mlagents_version": "0.25.0",
        "mlagents_envs_version": "0.25.0",
        "communication_protocol_version": "1.5.0",
        "pytorch_version": "1.7.1+cu110",
        "numpy_version": "1.20.0",
        "end_time_seconds": "1653642700"
    },
    "total": 75.6939795,
    "count": 1,
    "self": 0.018187400000002185,
    "children": {
        "run_training.setup": {
            "total": 0.1459147999999999,
            "count": 1,
            "self": 0.1459147999999999
        },
        "TrainerController.start_learning": {
            "total": 75.5298773,
            "count": 1,
            "self": 0.07417250000020204,
            "children": {
                "TrainerController._reset_env": {
                    "total": 9.2431283,
                    "count": 1,
                    "self": 9.2431283
                },
                "TrainerController.advance": {
                    "total": 66.0215614999998,
                    "count": 1804,
                    "self": 0.032821599999792284,
                    "children": {
                        "env_step": {
                            "total": 65.98873990000001,
                            "count": 1804,
                            "self": 63.61091430000037,
                            "children": {
                                "SubprocessEnvManager._take_step": {
                                    "total": 2.3437521999996296,
                                    "count": 1804,
                                    "self": 0.1585843999996701,
                                    "children": {
                                        "TorchPolicy.evaluate": {
                                            "total": 2.1851677999999595,
                                            "count": 1801,
                                            "self": 0.4478891999999508,
                                            "children": {
                                                "TorchPolicy.sample_actions": {
                                                    "total": 1.7372786000000087,
                                                    "count": 1801,
                                                    "self": 1.7372786000000087
                                                }
                                            }
                                        }
                                    }
                                },
                                "workers": {
                                    "total": 0.03407340000001824,
                                    "count": 1803,
                                    "self": 0.0,
                                    "children": {
                                        "worker_root": {
                                            "total": 65.9830269,
                                            "count": 1803,
                                            "is_parallel": true,
                                            "self": 5.1634116000001455,
                                            "children": {
                                                "steps_from_proto": {
                                                    "total": 0.0004667999999998784,
                                                    "count": 1,
                                                    "is_parallel": true,
                                                    "self": 0.00011849999999924421,
                                                    "children": {
                                                        "_process_rank_one_or_two_observation": {
                                                            "total": 0.0003483000000006342,
                                                            "count": 4,
                                                            "is_parallel": true,
                                                            "self": 0.0003483000000006342
                                                        }
                                                    }
                                                },
                                                "UnityEnvironment.step": {
                                                    "total": 60.819148499999855,
                                                    "count": 1803,
                                                    "is_parallel": true,
                                                    "self": 0.20461749999979162,
                                                    "children": {
                                                        "UnityEnvironment._generate_step_input": {
                                                            "total": 0.42927450000014034,
                                                            "count": 1803,
                                                            "is_parallel": true,
                                                            "self": 0.42927450000014034
                                                        },
                                                        "communicator.exchange": {
                                                            "total": 59.12949029999992,
                                                            "count": 1803,
                                                            "is_parallel": true,
                                                            "self": 59.12949029999992
                                                        },
                                                        "steps_from_proto": {
                                                            "total": 1.055766199999999,
                                                            "count": 1803,
                                                            "is_parallel": true,
                                                            "self": 0.380105899999883,
                                                            "children": {
                                                                "_process_rank_one_or_two_observation": {
                                                                    "total": 0.675660300000116,
                                                                    "count": 7212,
                                                                    "is_parallel": true,
                                                                    "self": 0.675660300000116
                                                                }
                                                            }
                                                        }
                                                    }
                                                }
                                            }
                                        }
                                    }
                                }
                            }
                        }
                    }
                },
                "trainer_threads": {
                    "total": 3.0299999991711957e-05,
                    "count": 1,
                    "self": 3.0299999991711957e-05,
                    "children": {
                        "thread_root": {
                            "total": 0.0,
                            "count": 0,
                            "is_parallel": true,
                            "self": 0.0,
                            "children": {
                                "trainer_advance": {
                                    "total": 65.98086949999971,