{"count":1,"self":19.6611248,"total":127.85880019999999,"children":{"InitializeActuators":{"count":1024,"self":0.0069825999999999994,"total":0.0069825999999999994,"children":null},"InitializeSensors":{"count":1024,"self":0.0388946,"total":0.0388946,"children":null},"AgentSendState":{"count":1001,"self":29.147916799999997,"total":33.057381,"children":{"CollectObservations":{"count":103424,"self":0.3750076,"total":0.3750076,"children":null},"WriteActionMask":{"count":103424,"self":0.0943102,"total":0.0943102,"children":null},"RequestDecision":{"count":103424,"self":0.26423019999999997,"total":3.4401468,"children":{"AgentInfo.ToProto":{"count":103424,"self":0.2468706,"total":3.1759166,"children":{"GenerateSensorData":{"count":103424,"self":1.9645887999999998,"total":2.929046,"children":{"RayPerceptionSensor.Perceive":{"count":103424,"self":0.9644571999999999,"total":0.9644571999999999,"children":null}}}}}}}}},"DecideAction":{"count":1001,"self":74.596563199999991,"total":74.5965635,"children":null},"AgentAct":{"count":1001,"self":0.4494528,"total":0.4494528,"children":null},"AgentInfo.ToProto":{"count":881,"self":0.0069679999999999994,"total":0.047404499999999995,"children":{"GenerateSensorData":{"count":881,"self":0.0339444,"total":0.0404365,"children":{"RayPerceptionSensor.Perceive":{"count":881,"self":0.0064921,"total":0.0064921,"children":null}}}}}},"gauges":{"PathFollowing.CumulativeReward":{"count":881,"max":20.78616,"min":-243.339691,"runningAverage":-121.274513,"value":-170.6766,"weightedAverage":-151.965576}},"metadata":{"timer_format_version":"0.1.0","start_time_seconds":"1636448310","unity_version":"2020.3.12f1","command_line_arguments":"C:\\Users\\studente1\\Desktop\\Tesi_Alberti\\MyProject\\ML-builds\\Garage1024Envs\\GarageEnv1024.exe -nographics -batchmode --mlagents-port 5007 -logFile C:\\Users\\studente1\\Desktop\\Tesi_Alberti\\MyProject\\results\\test\\run_logs\\Player-2.log","communication_protocol_version":"1.5.0","com.unity.ml-agents_version":"2.0.0","scene_name":"GarageEnv","end_time_seconds":"1636448438"}}