{
    "name": "root",
    "gauges": {
        "PathFollowing.Policy.Entropy.mean": {
            "value": 1.4764704704284668,
            "min": 1.4319120645523071,
            "max": 1.4764704704284668,
            "count": 270
        },
        "PathFollowing.Policy.Entropy.sum": {
            "value": 14763.228515625,
            "min": 6644.99658203125,
            "max": 14776.3515625,
            "count": 270
        },
        "PathFollowing.Policy.ExtrinsicValueEstimate.mean": {
            "value": -1.2347486019134521,
            "min": -1.8783928155899048,
            "max": -0.7410897016525269,
            "count": 270
        },
        "PathFollowing.Policy.ExtrinsicValueEstimate.sum": {
            "value": -98.77989196777344,
            "min": -150.27142333984375,
            "max": -27.725040435791016,
            "count": 270
        },
        "PathFollowing.Environment.EpisodeLength.mean": {
            "value": 998.9,
            "min": 911.2727272727273,
            "max": 999.0,
            "count": 270
        },
        "PathFollowing.Environment.EpisodeLength.sum": {
            "value": 9989.0,
            "min": 3996.0,
            "max": 10638.0,
            "count": 270
        },
        "PathFollowing.Environment.CumulativeReward.mean": {
            "value": -9.838521190546453,
            "min": -13.475782536901534,
            "max": -7.589929013885557,
            "count": 270
        },
        "PathFollowing.Environment.CumulativeReward.sum": {
            "value": -98.38521190546453,
            "min": -134.75782536901534,
            "max": -42.74471889156848,
            "count": 270
        },
        "PathFollowing.Policy.ExtrinsicReward.mean": {
            "value": -9.838521190546453,
            "min": -13.475782536901534,
            "max": -7.589929013885557,
            "count": 270
        },
        "PathFollowing.Policy.ExtrinsicReward.sum": {
            "value": -98.38521190546453,
            "min": -134.75782536901534,
            "max": -42.74471889156848,
            "count": 270
        },
        "PathFollowing.IsTraining.mean": {
            "value": 1.0,
            "min": 1.0,
            "max": 1.0,
            "count": 270
        },
        "PathFollowing.IsTraining.sum": {
            "value": 1.0,
            "min": 1.0,
            "max": 1.0,
            "count": 270
        },
        "PathFollowing.Events.Goals.mean": {
            "value": 0.0,
            "min": 0.0,
            "max": 20.0,
            "count": 269
        },
        "PathFollowing.Events.Goals.sum": {
            "value": 0.0,
            "min": 0.0,
            "max": 20.0,
            "count": 269
        },
        "PathFollowing.Events.Timeouts.mean": {
            "value": 100.0,
            "min": 80.0,
            "max": 100.0,
            "count": 269
        },
        "PathFollowing.Events.Timeouts.sum": {
            "value": 100.0,
            "min": 80.0,
            "max": 190.0,
            "count": 269
        },
        "PathFollowing.Events.Collisions.mean": {
            "value": 20.0,
            "min": 0.0,
            "max": 90.0,
            "count": 269
        },
        "PathFollowing.Events.Collisions.sum": {
            "value": 20.0,
            "min": 0.0,
            "max": 90.0,
            "count": 269
        },
        "PathFollowing.Rewards.Goals.mean": {
            "value": 0.0,
            "min": 0.0,
            "max": 2.0,
            "count": 269
        },
        "PathFollowing.Rewards.Goals.sum": {
            "value": 0.0,
            "min": 0.0,
            "max": 2.0,
            "count": 269
        },
        "PathFollowing.Rewards.Dense.mean": {
            "value": 0.26203277707099915,
            "min": 0.1846039593219757,
            "max": 0.6992267966270447,
            "count": 269
        },
        "PathFollowing.Rewards.Dense.sum": {
            "value": 0.26203277707099915,
            "min": 0.1846039593219757,
            "max": 0.8824498355388641,
            "count": 269
        },
        "PathFollowing.Rewards.Collisions.mean": {
            "value": -0.10000000149011612,
            "min": -2.700000047683716,
            "max": 0.0,
            "count": 269
        },
        "PathFollowing.Rewards.Collisions.sum": {
            "value": -0.10000000149011612,
            "min": -2.700000047683716,
            "max": 0.0,
            "count": 269
        },
        "PathFollowing.Rewards.Time.mean": {
            "value": 0.0,
            "min": 0.0,
            "max": 0.0,
            "count": 269
        },
        "PathFollowing.Rewards.Time.sum": {
            "value": 0.0,
            "min": 0.0,
            "max": 0.0,
            "count": 269
        },
        "PathFollowing.Rewards.Distance.mean": {
            "value": 26.203338623046875,
            "min": 18.460420608520508,
            "max": 69.92278289794922,
            "count": 269
        },
        "PathFollowing.Rewards.Distance.sum": {
            "value": 26.203338623046875,
            "min": 18.460420608520508,
            "max": 88.2449836730957,
            "count": 269
        },
        "PathFollowing.Rewards.Allignment.mean": {
            "value": 0.0,
            "min": 0.0,
            "max": 0.0,
            "count": 269
        },
        "PathFollowing.Rewards.Allignment.sum": {
            "value": 0.0,
            "min": 0.0,
            "max": 0.0,
            "count": 269
        },
        "PathFollowing.Rewards.alignmentDistance_contribution.mean": {
            "value": 0.0,
            "min": 0.0,
            "max": 0.0,
            "count": 269
        },
        "PathFollowing.Rewards.alignmentDistance_contribution.sum": {
            "value": 0.0,
            "min": 0.0,
            "max": 0.0,
            "count": 269
        },
        "PathFollowing.Losses.PolicyLoss.mean": {
            "value": 0.03459926747251302,
            "min": 0.030894769885605154,
            "max": 0.0386048619026163,
            "count": 52
        },
        "PathFollowing.Losses.PolicyLoss.sum": {
            "value": 0.03459926747251302,
            "min": 0.030894769885605154,
            "max": 0.0386048619026163,
            "count": 52
        },
        "PathFollowing.Losses.ValueLoss.mean": {
            "value": 0.6949918087820212,
            "min": 0.6674935016532739,
            "max": 0.7361125597357749,
            "count": 52
        },
        "PathFollowing.Losses.ValueLoss.sum": {
            "value": 0.6949918087820212,
            "min": 0.6674935016532739,
            "max": 0.7361125597357749,
            "count": 52
        },
        "PathFollowing.Policy.LearningRate.mean": {
            "value": 9.321899278101403e-05,
            "min": 9.321899278101403e-05,
            "max": 9.844673755326399e-05,
            "count": 52
        },
        "PathFollowing.Policy.LearningRate.sum": {
            "value": 9.321899278101403e-05,
            "min": 9.321899278101403e-05,
            "max": 9.844673755326399e-05,
            "count": 52
        },
        "PathFollowing.Policy.Epsilon.mean": {
            "value": 0.193218986,
            "min": 0.193218986,
            "max": 0.19844673599999998,
            "count": 52
        },
        "PathFollowing.Policy.Epsilon.sum": {
            "value": 0.193218986,
            "min": 0.193218986,
            "max": 0.19844673599999998,
            "count": 52
        },
        "PathFollowing.Policy.Beta.mean": {
            "value": 0.004661627401399999,
            "min": 0.004661627401399999,
            "max": 0.004922492126400001,
            "count": 52
        },
        "PathFollowing.Policy.Beta.sum": {
            "value": 0.004661627401399999,
            "min": 0.004661627401399999,
            "max": 0.004922492126400001,
            "count": 52
        }
    },
    "metadata": {
        "timer_format_version": "0.1.0",
        "start_time_seconds": "1656141590",