{"count":1,"self":296.25656319999996,"total":5754.0487225,"children":{"InitializeActuators":{"count":64,"self":0.0019947999999999997,"total":0.0019947999999999997,"children":null},"InitializeSensors":{"count":64,"self":0.0029920999999999997,"total":0.0029920999999999997,"children":null},"AgentSendState":{"count":253434,"self":843.95315199999993,"total":1006.4025171,"children":{"CollectObservations":{"count":3243968,"self":20.1000592,"total":20.100059599999998,"children":null},"WriteActionMask":{"count":3243968,"self":3.2376091999999996,"total":3.2376093,"children":null},"RequestDecision":{"count":3243968,"self":7.7949319999999993,"total":139.111672,"children":{"AgentInfo.ToProto":{"count":3243968,"self":8.7035808,"total":131.3167398,"children":{"GenerateSensorData":{"count":3243968,"self":92.4929152,"total":122.613159,"children":{"RayPerceptionSensor.Perceive":{"count":3243968,"self":30.120243199999997,"total":30.1202418,"children":null}}}}}}}}},"DecideAction":{"count":253434,"self":4445.6337408,"total":4445.6337804999994,"children":null},"AgentAct":{"count":253434,"self":4.7614816,"total":4.876703,"children":{"AgentInfo.ToProto":{"count":1810,"self":0.0149629,"total":0.1152216,"children":{"GenerateSensorData":{"count":1810,"self":0.0813074,"total":0.10025869999999999,"children":{"RayPerceptionSensor.Perceive":{"count":1810,"self":0.0189513,"total":0.0189513,"children":null}}}}}}},"AgentInfo.ToProto":{"count":11973,"self":0.0907523,"total":0.87118639999999992,"children":{"GenerateSensorData":{"count":11973,"self":0.6278743,"total":0.7804341,"children":{"RayPerceptionSensor.Perceive":{"count":11973,"self":0.1525598,"total":0.1525598,"children":null}}}}}},"gauges":{"PathFollowing.CumulativeReward":{"count":13783,"max":73.26113,"min":-1408.87781,"runningAverage":-290.067017,"value":-377.6797,"weightedAverage":-281.604858}},"metadata":{"timer_format_version":"0.1.0","start_time_seconds":"1637223852","unity_version":"2020.3.12f1","command_line_arguments":"C:\\Users\\studente1\\Desktop\\Tesi_Alberti\\MyProject\\ML-builds\\Garage64EnvsStuckedTimeout\\Garage64EnvsStuckedTimeout.exe -nographics -batchmode --mlagents-port 5005 -logFile C:\\Users\\studente1\\Desktop\\Tesi_Alberti\\MyProject\\results\\1ParkStuckTimeoutPen100\\run_logs\\Player-0.log","communication_protocol_version":"1.5.0","com.unity.ml-agents_version":"2.0.0","scene_name":"GarageEnv","end_time_seconds":"1637229606"}}