{
    "name": "root",
    "gauges": {
        "PathFollowing.Policy.Entropy.mean": {
            "value": 1.4064671993255615,
            "min": 1.4064671993255615,
            "max": 1.4407347440719604,
            "count": 105
        },
        "PathFollowing.Policy.Entropy.sum": {
            "value": 13992.9423828125,
            "min": 13943.0615234375,
            "max": 14567.26953125,
            "count": 105
        },
        "PathFollowing.Policy.ExtrinsicValueEstimate.mean": {
            "value": 3.2086734771728516,
            "min": 0.153289794921875,
            "max": 3.2086734771728516,
            "count": 105
        },
        "PathFollowing.Policy.ExtrinsicValueEstimate.sum": {
            "value": 314.45001220703125,
            "min": 12.416473388671875,
            "max": 330.71490478515625,
            "count": 105
        },
        "PathFollowing.Environment.EpisodeLength.mean": {
            "value": 238.53658536585365,
            "min": 198.35416666666666,
            "max": 895.4545454545455,
            "count": 105
        },
        "PathFollowing.Environment.EpisodeLength.sum": {
            "value": 9780.0,
            "min": 9162.0,
            "max": 10864.0,
            "count": 105
        },
        "PathFollowing.Environment.CumulativeReward.mean": {
            "value": 8.104508162076984,
            "min": -0.7493620154758295,
            "max": 8.377037191961675,
            "count": 105
        },
        "PathFollowing.Environment.CumulativeReward.sum": {
            "value": 340.38934280723333,
            "min": -8.992344185709953,
            "max": 404.4723737537861,
            "count": 105
        },
        "PathFollowing.Policy.ExtrinsicReward.mean": {
            "value": 8.104508162076984,
            "min": -0.7493620154758295,
            "max": 8.377037191961675,
            "count": 105
        },
        "PathFollowing.Policy.ExtrinsicReward.sum": {
            "value": 340.38934280723333,
            "min": -8.992344185709953,
            "max": 404.4723737537861,
            "count": 105
        },
        "PathFollowing.Events.Goals.mean": {
            "value": 90.0,
            "min": 20.0,
            "max": 92.5,
            "count": 105
        },
        "PathFollowing.Events.Goals.sum": {
            "value": 360.0,
            "min": 20.0,
            "max": 460.0,
            "count": 105
        },
        "PathFollowing.Events.Timeouts.mean": {
            "value": 10.0,
            "min": 7.5,
            "max": 80.0,
            "count": 105
        },
        "PathFollowing.Events.Timeouts.sum": {
            "value": 40.0,
            "min": 30.0,
            "max": 150.0,
            "count": 105
        },
        "PathFollowing.Events.Collisions.mean": {
            "value": 22.5,
            "min": 0.0,
            "max": 35.0,
            "count": 105
        },
        "PathFollowing.Events.Collisions.sum": {
            "value": 90.0,
            "min": 0.0,
            "max": 120.0,
            "count": 105
        },
        "PathFollowing.Rewards.Goals.mean": {
            "value": 9.0,
            "min": 2.0,
            "max": 9.25,
            "count": 105
        },
        "PathFollowing.Rewards.Goals.sum": {
            "value": 36.0,
            "min": 2.0,
            "max": 46.0,
            "count": 105
        },
        "PathFollowing.Rewards.Dense.mean": {
            "value": -0.9396596699953079,
            "min": -3.319519519805908,
            "max": -0.7759264409542084,
            "count": 105
        },
        "PathFollowing.Rewards.Dense.sum": {
            "value": -3.7586386799812317,
            "min": -6.639039039611816,
            "max": -1.2330143451690674,
            "count": 105
        },
        "PathFollowing.Rewards.Collisions.mean": {
            "value": -0.5499999988824129,
            "min": -1.2250000536441803,
            "max": 0.0,
            "count": 105
        },
        "PathFollowing.Rewards.Collisions.sum": {
            "value": -2.1999999955296516,
            "min": -3.299999952316284,
            "max": 0.0,
            "count": 105
        },
        "PathFollowing.Rewards.Time.mean": {
            "value": 0.0,
            "min": 0.0,
            "max": 0.0,
            "count": 105
        },
        "PathFollowing.Rewards.Time.sum": {
            "value": 0.0,
            "min": 0.0,
            "max": 0.0,
            "count": 105
        },
        "PathFollowing.Rewards.Distance.mean": {
            "value": -67.38333988189697,
            "min": -287.33148193359375,
            "max": -44.14233271280924,
            "count": 105
        },
        "PathFollowing.Rewards.Distance.sum": {
            "value": -269.5333595275879,
            "min": -536.5824890136719,
            "max": -71.9466781616211,
            "count": 105
        },
        "PathFollowing.Rewards.Allignment.mean": {
            "value": -13.291286528110504,
            "min": -72.12179946899414,
            "max": -8.502381881078085,
            "count": 105
        },
        "PathFollowing.Rewards.Allignment.sum": {
            "value": -53.16514611244202,
            "min": -183.52561378479004,
            "max": -10.297856330871582,
            "count": 105
        },
        "PathFollowing.IsTraining.mean": {
            "value": 1.0,
            "min": 1.0,
            "max": 1.0,
            "count": 105
        },
        "PathFollowing.IsTraining.sum": {
            "value": 1.0,
            "min": 1.0,
            "max": 1.0,
            "count": 105
        },
        "PathFollowing.Losses.PolicyLoss.mean": {
            "value": 0.035844217084668346,
            "min": 0.03278172065673668,
            "max": 0.037438887078181625,
            "count": 20
        },
        "PathFollowing.Losses.PolicyLoss.sum": {
            "value": 0.035844217084668346,
            "min": 0.03278172065673668,
            "max": 0.037438887078181625,
            "count": 20
        },
        "PathFollowing.Losses.ValueLoss.mean": {
            "value": 0.7330669126907985,
            "min": 0.2283236992607514,
            "max": 0.9101863576968511,
            "count": 20
        },
        "PathFollowing.Losses.ValueLoss.sum": {
            "value": 0.7330669126907985,
            "min": 0.2283236992607514,
            "max": 0.9101863576968511,
            "count": 20
        },
        "PathFollowing.Policy.LearningRate.mean": {
            "value": 8.2549593450424e-05,
            "min": 8.2549593450424e-05,
            "max": 8.449715150286398e-05,
            "count": 20
        },
        "PathFollowing.Policy.LearningRate.sum": {
            "value": 8.2549593450424e-05,
            "min": 8.2549593450424e-05,
            "max": 8.449715150286398e-05,
            "count": 20
        },
        "PathFollowing.Policy.Epsilon.mean": {
            "value": 0.18254957600000002,
            "min": 0.18254957600000002,
            "max": 0.18449713600000003,
            "count": 20
        },
        "PathFollowing.Policy.Epsilon.sum": {
            "value": 0.18254957600000002,
            "min": 0.18254957600000002,
            "max": 0.18449713600000003,
            "count": 20
        },
        "PathFollowing.Policy.Beta.mean": {
            "value": 0.004129223842399999,
            "min": 0.004129223842399999,
            "max": 0.004226407086399999,
            "count": 20
        },
        "PathFollowing.Policy.Beta.sum": {
            "value": 0.004129223842399999,
            "min": 0.004129223842399999,
            "max": 0.004226407086399999,
            "count": 20
        }
    },
    "metadata": {
        "timer_format_version": "0.1.0",
        "start_time_seconds": "1655304569",
        "python_version": "3.9.1 (tags/v3.9.1:1e5d33e, Dec  7 2020, 17:08:21) [MSC v.1927 64 bit (AMD64)]",