{
    "name": "root",
    "gauges": {
        "PathFollowing.Policy.Entropy.mean": {
            "value": 1.3029940128326416,
            "min": 1.3029940128326416,
            "max": 1.3029940128326416,
            "count": 4
        },
        "PathFollowing.Policy.Entropy.sum": {
            "value": 13002.5771484375,
            "min": 12493.1064453125,
            "max": 13093.787109375,
            "count": 4
        },
        "PathFollowing.Environment.EpisodeLength.mean": {
            "value": 120.7710843373494,
            "min": 73.90625,
            "max": 120.7710843373494,
            "count": 4
        },
        "PathFollowing.Environment.EpisodeLength.sum": {
            "value": 10024.0,
            "min": 9460.0,
            "max": 10024.0,
            "count": 4
        },
        "PathFollowing.Policy.ExtrinsicValueEstimate.mean": {
            "value": 5.633406162261963,
            "min": 5.633406162261963,
            "max": 6.78701639175415,
            "count": 4
        },
        "PathFollowing.Policy.ExtrinsicValueEstimate.sum": {
            "value": 681.6421508789062,
            "min": 681.6421508789062,
            "max": 984.1173706054688,
            "count": 4
        },
        "PathFollowing.Environment.CumulativeReward.mean": {
            "value": 9.271506288683558,
            "min": 9.271506288683558,
            "max": 9.65702687614546,
            "count": 4
        },
        "PathFollowing.Environment.CumulativeReward.sum": {
            "value": 769.5350219607353,
            "min": 769.5350219607353,
            "max": 1226.4424132704735,
            "count": 4
        },
        "PathFollowing.Policy.ExtrinsicReward.mean": {
            "value": 9.271506288683558,
            "min": 9.271506288683558,
            "max": 9.65702687614546,
            "count": 4
        },
        "PathFollowing.Policy.ExtrinsicReward.sum": {
            "value": 769.5350219607353,
            "min": 769.5350219607353,
            "max": 1226.4424132704735,
            "count": 4
        },
        "PathFollowing.Events.Goals.mean": {
            "value": 98.75,
            "min": 98.75,
            "max": 100.0,
            "count": 4
        },
        "PathFollowing.Events.Goals.sum": {
            "value": 790.0,
            "min": 790.0,
            "max": 1200.0,
            "count": 4
        },
        "PathFollowing.Events.Timeouts.mean": {
            "value": 1.25,
            "min": 0.0,
            "max": 1.25,
            "count": 4
        },
        "PathFollowing.Events.Timeouts.sum": {
            "value": 10.0,
            "min": 0.0,
            "max": 10.0,
            "count": 4
        },
        "PathFollowing.Events.Collisions.mean": {
            "value": 6.25,
            "min": 2.5,
            "max": 8.181818181818182,
            "count": 4
        },
        "PathFollowing.Events.Collisions.sum": {
            "value": 50.0,
            "min": 30.0,
            "max": 90.0,
            "count": 4
        },
        "PathFollowing.Rewards.Goals.mean": {
            "value": 9.875,
            "min": 9.875,
            "max": 10.0,
            "count": 4
        },
        "PathFollowing.Rewards.Goals.sum": {
            "value": 79.0,
            "min": 79.0,
            "max": 120.0,
            "count": 4
        },
        "PathFollowing.Rewards.Dense.mean": {
            "value": -0.47676485776901245,
            "min": -0.47676485776901245,
            "max": -0.3418751060962677,
            "count": 4
        },
        "PathFollowing.Rewards.Dense.sum": {
            "value": -3.8141188621520996,
            "min": -4.82635760307312,
            "max": -3.8141188621520996,
            "count": 4
        },
        "PathFollowing.Rewards.Collisions.mean": {
            "value": -0.03125000046566129,
            "min": -0.08636363697322932,
            "max": -0.012500000186264515,
            "count": 4
        },
        "PathFollowing.Rewards.Collisions.sum": {
            "value": -0.2500000037252903,
            "min": -0.9500000067055225,
            "max": -0.15000000223517418,
            "count": 4
        },
        "PathFollowing.Rewards.Time.mean": {
            "value": 0.0,
            "min": 0.0,
            "max": 0.0,
            "count": 4
        },
        "PathFollowing.Rewards.Time.sum": {
            "value": 0.0,
            "min": 0.0,
            "max": 0.0,
            "count": 4
        },
        "PathFollowing.Rewards.Distance.mean": {
            "value": -32.81766748428345,
            "min": -33.611572074890134,
            "max": -28.614527702331543,
            "count": 4
        },
        "PathFollowing.Rewards.Distance.sum": {
            "value": -262.5413398742676,
            "min": -343.3743324279785,
            "max": -262.5413398742676,
            "count": 4
        },
        "PathFollowing.Rewards.Allignment.mean": {
            "value": -7.429402060806751,
            "min": -7.429402060806751,
            "max": -2.7864963859319687,
            "count": 4
        },
        "PathFollowing.Rewards.Allignment.sum": {
            "value": -59.43521648645401,
            "min": -69.97058829665184,
            "max": -33.437956631183624,
            "count": 4
        },
        "PathFollowing.Rewards.alignmentDistance_contribution.mean": {
            "value": -180.14862060546875,
            "min": -180.14862060546875,
            "max": -20.40166397889455,
            "count": 4
        },
        "PathFollowing.Rewards.alignmentDistance_contribution.sum": {
            "value": -1441.18896484375,
            "min": -1441.18896484375,
            "max": -244.81996774673462,
            "count": 4
        },
        "PathFollowing.IsTraining.mean": {
            "value": 1.0,
            "min": 1.0,
            "max": 1.0,
            "count": 4
        },
        "PathFollowing.IsTraining.sum": {
            "value": 1.0,
            "min": 1.0,
            "max": 1.0,
            "count": 4
        }
    },
    "metadata": {
        "timer_format_version": "0.1.0",
        "start_time_seconds": "1655477040",
        "python_version": "3.9.1 (tags/v3.9.1:1e5d33e, Dec  7 2020, 17:08:21) [MSC v.1927 64 bit (AMD64)]",
        "command_line_arguments": "D:\\Python3_9_1\\Scripts\\mlagents-learn ./trainer_config.yaml --run-id Entry_reward01 --resume",
        "mlagents_version": "0.25.0",
        "mlagents_envs_version": "0.25.0",
        "communication_protocol_version": "1.5.0",
        "pytorch_version": "1.7.1+cu110",
        "numpy_version": "1.20.0",
        "end_time_seconds": "1655477758"
    },
    "total": 718.4753623,
    "count": 1,
    "self": 0.012951300000054289,
    "children": {
        "run_training.setup": {
            "total": 0.11591400000000007,
            "count": 1,
            "self": 0.11591400000000007
        },
        "TrainerController.start_learning": {
            "total": 718.346497,
            "count": 1,
            "self": 1.3187995999968507,
            "children": {
                "TrainerController._reset_env": {
                    "total": 5.7853426,
                    "count": 1,
                    "self": 5.7853426
                },
                "TrainerController.advance": {
                    "total": 711.0261677000032,
                    "count": 43109,
                    "self": 0.6420730000028243,
                    "children": {
                        "env_step": {
                            "total": 710.3840947000003,
                            "count": 43109,
                            "self": 666.640257599991,
                            "children": {
                                "SubprocessEnvManager._take_step": {
                                    "total": 43.05107390001133,
                                    "count": 43109,
                                    "self": 2.8715143000067016,