{
    "name": "root",
    "gauges": {
        "PathFollowing.Policy.Entropy.mean": {
            "value": 1.360845685005188,
            "min": 1.360845685005188,
            "max": 1.360845685005188,
            "count": 1
        },
        "PathFollowing.Policy.Entropy.sum": {
            "value": 3280.9990234375,
            "min": 3280.9990234375,
            "max": 3280.9990234375,
            "count": 1
        },
        "PathFollowing.Environment.EpisodeLength.mean": {
            "value": 76.7741935483871,
            "min": 76.7741935483871,
            "max": 76.7741935483871,
            "count": 1
        },
        "PathFollowing.Environment.EpisodeLength.sum": {
            "value": 2380.0,
            "min": 2380.0,
            "max": 2380.0,
            "count": 1
        },
        "PathFollowing.Policy.ExtrinsicValueEstimate.mean": {
            "value": 6.180500507354736,
            "min": 6.180500507354736,
            "max": 6.180500507354736,
            "count": 1
        },
        "PathFollowing.Policy.ExtrinsicValueEstimate.sum": {
            "value": 203.95651245117188,
            "min": 203.95651245117188,
            "max": 203.95651245117188,
            "count": 1
        },
        "PathFollowing.Environment.CumulativeReward.mean": {
            "value": 9.604095742106438,
            "min": 9.604095742106438,
            "max": 9.604095742106438,
            "count": 1
        },
        "PathFollowing.Environment.CumulativeReward.sum": {
            "value": 288.12287226319313,
            "min": 288.12287226319313,
            "max": 288.12287226319313,
            "count": 1
        },
        "PathFollowing.Policy.ExtrinsicReward.mean": {
            "value": 9.604095742106438,
            "min": 9.604095742106438,
            "max": 9.604095742106438,
            "count": 1
        },
        "PathFollowing.Policy.ExtrinsicReward.sum": {
            "value": 288.12287226319313,
            "min": 288.12287226319313,
            "max": 288.12287226319313,
            "count": 1
        },
        "PathFollowing.Events.Goals.mean": {
            "value": 100.0,
            "min": 100.0,
            "max": 100.0,
            "count": 1
        },
        "PathFollowing.Events.Goals.sum": {
            "value": 300.0,
            "min": 300.0,
            "max": 300.0,
            "count": 1
        },
        "PathFollowing.Events.Timeouts.mean": {
            "value": 0.0,
            "min": 0.0,
            "max": 0.0,
            "count": 1
        },
        "PathFollowing.Events.Timeouts.sum": {
            "value": 0.0,
            "min": 0.0,
            "max": 0.0,
            "count": 1
        },
        "PathFollowing.Events.Collisions.mean": {
            "value": 13.333333333333334,
            "min": 13.333333333333334,
            "max": 13.333333333333334,
            "count": 1
        },
        "PathFollowing.Events.Collisions.sum": {
            "value": 40.0,
            "min": 40.0,
            "max": 40.0,
            "count": 1
        },
        "PathFollowing.Rewards.Goals.mean": {
            "value": 10.0,
            "min": 10.0,
            "max": 10.0,
            "count": 1
        },
        "PathFollowing.Rewards.Goals.sum": {
            "value": 30.0,
            "min": 30.0,
            "max": 30.0,
            "count": 1
        },
        "PathFollowing.Rewards.Dense.mean": {
            "value": -0.34046656886736554,
            "min": -0.34046656886736554,
            "max": -0.34046656886736554,
            "count": 1
        },
        "PathFollowing.Rewards.Dense.sum": {
            "value": -1.0213997066020966,
            "min": -1.0213997066020966,
            "max": -1.0213997066020966,
            "count": 1
        },
        "PathFollowing.Rewards.Collisions.mean": {
            "value": -0.06666666766007741,
            "min": -0.06666666766007741,
            "max": -0.06666666766007741,
            "count": 1
        },
        "PathFollowing.Rewards.Collisions.sum": {
            "value": -0.20000000298023224,
            "min": -0.20000000298023224,
            "max": -0.20000000298023224,
            "count": 1
        },
        "PathFollowing.Rewards.Time.mean": {
            "value": 0.0,
            "min": 0.0,
            "max": 0.0,
            "count": 1
        },
        "PathFollowing.Rewards.Time.sum": {
            "value": 0.0,
            "min": 0.0,
            "max": 0.0,
            "count": 1
        },
        "PathFollowing.Rewards.Distance.mean": {
            "value": -25.305248260498047,
            "min": -25.305248260498047,
            "max": -25.305248260498047,
            "count": 1
        },
        "PathFollowing.Rewards.Distance.sum": {
            "value": -75.91574478149414,
            "min": -75.91574478149414,
            "max": -75.91574478149414,
            "count": 1
        },
        "PathFollowing.Rewards.Allignment.mean": {
            "value": -4.370708545049031,
            "min": -4.370708545049031,
            "max": -4.370708545049031,
            "count": 1
        },
        "PathFollowing.Rewards.Allignment.sum": {
            "value": -13.112125635147095,
            "min": -13.112125635147095,
            "max": -13.112125635147095,
            "count": 1
        },
        "PathFollowing.Rewards.alignmentDistance_contribution.mean": {
            "value": -9.685059547424316,
            "min": -9.685059547424316,
            "max": -9.685059547424316,
            "count": 1
        },
        "PathFollowing.Rewards.alignmentDistance_contribution.sum": {
            "value": -29.05517864227295,
            "min": -29.05517864227295,
            "max": -29.05517864227295,
            "count": 1
        },
        "PathFollowing.IsTraining.mean": {
            "value": 1.0,
            "min": 1.0,
            "max": 1.0,
            "count": 1
        },
        "PathFollowing.IsTraining.sum": {
            "value": 1.0,
            "min": 1.0,
            "max": 1.0,
            "count": 1
        }
    },
    "metadata": {
        "timer_format_version": "0.1.0",
        "start_time_seconds": "1655446411",
        "python_version": "3.9.1 (tags/v3.9.1:1e5d33e, Dec  7 2020, 17:08:21) [MSC v.1927 64 bit (AMD64)]",
        "command_line_arguments": "D:\\Python3_9_1\\Scripts\\mlagents-learn ./trainer_config.yaml --run-id Entry_reward01 --resume",
        "mlagents_version": "0.25.0",
        "mlagents_envs_version": "0.25.0",
        "communication_protocol_version": "1.5.0",
        "pytorch_version": "1.7.1+cu110",
        "numpy_version": "1.20.0",
        "end_time_seconds": "1655446628"
    },
    "total": 217.105655,
    "count": 1,
    "self": 0.02350730000000567,
    "children": {
        "run_training.setup": {
            "total": 0.18583689999999997,
            "count": 1,
            "self": 0.18583689999999997
        },
        "TrainerController.start_learning": {
            "total": 216.8963108,
            "count": 1,
            "self": 0.36954380000045717,
            "children": {
                "TrainerController._reset_env": {
                    "total": 8.560991099999999,
                    "count": 1,
                    "self": 8.560991099999999
                },
                "TrainerController.advance": {
                    "total": 207.75431409999956,
                    "count": 7737,
                    "self": 0.19109739999839803,
                    "children": {
                        "env_step": {
                            "total": 207.56321670000116,
                            "count": 7737,
                            "self": 192.4724602000008,
                            "children": {
                                "SubprocessEnvManager._take_step": {
                                    "total": 14.890766700000272,
                                    "count": 7737,
                                    "self": 0.8925875000006016,