{
    "name": "root",
    "gauges": {
        "PathFollowing.Policy.Entropy.mean": {
            "value": 1.4183214902877808,
            "min": 1.4183214902877808,
            "max": 1.4189382791519165,
            "count": 10
        },
        "PathFollowing.Policy.Entropy.sum": {
            "value": 14093.8603515625,
            "min": 14093.8603515625,
            "max": 14268.314453125,
            "count": 10
        },
        "PathFollowing.Policy.ExtrinsicValueEstimate.mean": {
            "value": -2.4551539421081543,
            "min": -6.323809623718262,
            "max": 1.5973742008209229,
            "count": 10
        },
        "PathFollowing.Policy.ExtrinsicValueEstimate.sum": {
            "value": -196.41232299804688,
            "min": -505.90478515625,
            "max": 127.7899398803711,
            "count": 10
        },
        "PathFollowing.Environment.EpisodeLength.mean": {
            "value": 925.6363636363636,
            "min": 912.1,
            "max": 998.9,
            "count": 10
        },
        "PathFollowing.Environment.EpisodeLength.sum": {
            "value": 10182.0,
            "min": 9121.0,
            "max": 10182.0,
            "count": 10
        },
        "PathFollowing.Environment.CumulativeReward.mean": {
            "value": -15.177334484369071,
            "min": -17.146849643696623,
            "max": -8.545947740532574,
            "count": 10
        },
        "PathFollowing.Environment.CumulativeReward.sum": {
            "value": -166.95067932805978,
            "min": -176.96532821888104,
            "max": -85.45947740532574,
            "count": 10
        },
        "PathFollowing.Policy.ExtrinsicReward.mean": {
            "value": -15.177334484369071,
            "min": -17.146849643696623,
            "max": -8.545947740532574,
            "count": 10
        },
        "PathFollowing.Policy.ExtrinsicReward.sum": {
            "value": -166.95067932805978,
            "min": -176.96532821888104,
            "max": -85.45947740532574,
            "count": 10
        },
        "PathFollowing.Events.Goals.mean": {
            "value": 10.0,
            "min": 0.0,
            "max": 10.0,
            "count": 10
        },
        "PathFollowing.Events.Goals.sum": {
            "value": 10.0,
            "min": 0.0,
            "max": 10.0,
            "count": 10
        },
        "PathFollowing.Events.Timeouts.mean": {
            "value": 90.0,
            "min": 90.0,
            "max": 100.0,
            "count": 10
        },
        "PathFollowing.Events.Timeouts.sum": {
            "value": 90.0,
            "min": 90.0,
            "max": 100.0,
            "count": 10
        },
        "PathFollowing.Events.Collisions.mean": {
            "value": 50.0,
            "min": 40.0,
            "max": 80.0,
            "count": 10
        },
        "PathFollowing.Events.Collisions.sum": {
            "value": 50.0,
            "min": 40.0,
            "max": 80.0,
            "count": 10
        },
        "PathFollowing.Rewards.Goals.mean": {
            "value": 1.0,
            "min": 0.0,
            "max": 1.0,
            "count": 10
        },
        "PathFollowing.Rewards.Goals.sum": {
            "value": 1.0,
            "min": 0.0,
            "max": 1.0,
            "count": 10
        },
        "PathFollowing.Rewards.Dense.mean": {
            "value": 0.004519835114479065,
            "min": 0.002909088972955942,
            "max": 0.0047515155747532845,
            "count": 10
        },
        "PathFollowing.Rewards.Dense.sum": {
            "value": 0.004519835114479065,
            "min": 0.002909088972955942,
            "max": 0.0047515155747532845,
            "count": 10
        },
        "PathFollowing.Rewards.Collisions.mean": {
            "value": -5.300000190734863,
            "min": -7.25,
            "max": -0.550000011920929,
            "count": 10
        },
        "PathFollowing.Rewards.Collisions.sum": {
            "value": -5.300000190734863,
            "min": -7.25,
            "max": -0.550000011920929,
            "count": 10
        },
        "PathFollowing.Rewards.Time.mean": {
            "value": 0.0,
            "min": 0.0,
            "max": 0.0,
            "count": 10
        },
        "PathFollowing.Rewards.Time.sum": {
            "value": 0.0,
            "min": 0.0,
            "max": 0.0,
            "count": 10
        },
        "PathFollowing.Rewards.Distance.mean": {
            "value": 0.45198291540145874,
            "min": 0.29091179370880127,
            "max": 0.47514018416404724,
            "count": 10
        },
        "PathFollowing.Rewards.Distance.sum": {
            "value": 0.45198291540145874,
            "min": 0.29091179370880127,
            "max": 0.47514018416404724,
            "count": 10
        },
        "PathFollowing.Rewards.Allignment.mean": {
            "value": 0.0,
            "min": 0.0,
            "max": 0.0,
            "count": 10
        },
        "PathFollowing.Rewards.Allignment.sum": {
            "value": 0.0,
            "min": 0.0,
            "max": 0.0,
            "count": 10
        },
        "PathFollowing.Rewards.alignmentDistance_contribution.mean": {
            "value": 0.0,
            "min": 0.0,
            "max": 0.0,
            "count": 10
        },
        "PathFollowing.Rewards.alignmentDistance_contribution.sum": {
            "value": 0.0,
            "min": 0.0,
            "max": 0.0,
            "count": 10
        },
        "PathFollowing.IsTraining.mean": {
            "value": 1.0,
            "min": 1.0,
            "max": 1.0,
            "count": 10
        },
        "PathFollowing.IsTraining.sum": {
            "value": 1.0,
            "min": 1.0,
            "max": 1.0,
            "count": 10
        },
        "PathFollowing.Losses.PolicyLoss.mean": {
            "value": 0.03695236540321881,
            "min": 0.03695236540321881,
            "max": 0.03695236540321881,
            "count": 1
        },
        "PathFollowing.Losses.PolicyLoss.sum": {
            "value": 0.03695236540321881,
            "min": 0.03695236540321881,
            "max": 0.03695236540321881,
            "count": 1
        },
        "PathFollowing.Losses.ValueLoss.mean": {
            "value": 1.3122873430450757,
            "min": 1.3122873430450757,
            "max": 1.3122873430450757,
            "count": 1
        },
        "PathFollowing.Losses.ValueLoss.sum": {
            "value": 1.3122873430450757,
            "min": 1.3122873430450757,
            "max": 1.3122873430450757,
            "count": 1
        },
        "PathFollowing.Policy.LearningRate.mean": {
            "value": 9.9897492102508e-05,
            "min": 9.9897492102508e-05,
            "max": 9.9897492102508e-05,
            "count": 1
        },
        "PathFollowing.Policy.LearningRate.sum": {
            "value": 9.9897492102508e-05,
            "min": 9.9897492102508e-05,
            "max": 9.9897492102508e-05,
            "count": 1
        },
        "PathFollowing.Policy.Epsilon.mean": {
            "value": 0.19989749200000007,
            "min": 0.19989749200000007,
            "max": 0.19989749200000007,
            "count": 1
        },
        "PathFollowing.Policy.Epsilon.sum": {
            "value": 0.19989749200000007,
            "min": 0.19989749200000007,
            "max": 0.19989749200000007,
            "count": 1
        },
        "PathFollowing.Policy.Beta.mean": {
            "value": 0.004994884850799999,
            "min": 0.004994884850799999,
            "max": 0.004994884850799999,
            "count": 1
        },
        "PathFollowing.Policy.Beta.sum": {
            "value": 0.004994884850799999,
            "min": 0.004994884850799999,
            "max": 0.004994884850799999,
            "count": 1
        }
    },
    "metadata": {
        "timer_format_version": "0.1.0",
        "start_time_seconds": "1656090002",