{"count":1,"self":1.9648755999999998,"total":35.613453299999996,"children":{"InitializeActuators":{"count":64,"self":0.0019944999999999997,"total":0.0019944999999999997,"children":null},"InitializeSensors":{"count":64,"self":0.0059843,"total":0.0059843,"children":null},"AgentSendState":{"count":894,"self":0.059835099999999995,"total":13.639455799999999,"children":{"CollectObservations":{"count":11456,"self":0.13256189999999998,"total":0.13256189999999998,"children":null},"WriteActionMask":{"count":11456,"self":0.0188007,"total":0.0188007,"children":null},"RequestDecision":{"count":11456,"self":0.0437809,"total":13.428258099999999,"children":{"AgentInfo.ToProto":{"count":11456,"self":0.0468354,"total":13.3844772,"children":{"GenerateSensorData":{"count":11456,"self":0.2811398,"total":13.3376418,"children":{"CameraSensor.GetCompressedObservation":{"count":11456,"self":13.0565024,"total":13.056502,"children":null}}}}}}}}},"DecideAction":{"count":894,"self":19.751772799999998,"total":19.751772499999998,"children":null},"AgentAct":{"count":894,"self":0.0049867999999999996,"total":0.0049867999999999996,"children":null},"AgentInfo.ToProto":{"count":153,"self":0.0009972,"total":0.24338089999999998,"children":{"GenerateSensorData":{"count":153,"self":0.0019927,"total":0.24238369999999998,"children":{"CameraSensor.GetCompressedObservation":{"count":153,"self":0.240391,"total":0.240391,"children":null}}}}}},"gauges":{"PathFollowing.CumulativeReward":{"count":153,"max":-2.9953928,"min":-441.132,"runningAverage":-129.34903,"value":-5.4220295,"weightedAverage":-101.31546}},"metadata":{"timer_format_version":"0.1.0","start_time_seconds":"1637138173","unity_version":"2020.3.12f1","command_line_arguments":"C:\\Users\\studente1\\Desktop\\Tesi_Alberti\\MyProject\\ML-builds\\Garage64EnvsCameraStuckedTimeout\\Garage64EnvsCameraStuckedTimeout.exe --mlagents-port 5005 -logFile C:\\Users\\studente1\\Desktop\\Tesi_Alberti\\MyProject\\results\\1ParkCNNcameraStuckedTimeout\\run_logs\\Player-0.log","communication_protocol_version":"1.5.0","com.unity.ml-agents_version":"2.0.0","scene_name":"CameraEnv","end_time_seconds":"1637138208"}}