{"count":1,"self":2524.4383232,"total":56833.3576528,"children":{"InitializeActuators":{"count":64,"self":0.0029928999999999997,"total":0.0029928999999999997,"children":null},"InitializeSensors":{"count":64,"self":0.0079788999999999988,"total":0.0079788999999999988,"children":null},"AgentSendState":{"count":1328094,"self":89.443782399999989,"total":23141.690337,"children":{"CollectObservations":{"count":16999616,"self":165.9211264,"total":165.9211305,"children":null},"WriteActionMask":{"count":16999616,"self":22.880784,"total":22.8807843,"children":null},"RequestDecision":{"count":16999616,"self":57.597344,"total":22863.444640399997,"children":{"AgentInfo.ToProto":{"count":16999616,"self":63.817068799999994,"total":22805.847294699997,"children":{"GenerateSensorData":{"count":16999616,"self":402.1888768,"total":22742.030225399998,"children":{"CameraSensor.GetCompressedObservation":{"count":16999616,"self":22339.8412288,"total":22339.8413563,"children":null}}}}}}}}},"DecideAction":{"count":1328094,"self":30294.654975999998,"total":30294.655367,"children":null},"AgentAct":{"count":1328094,"self":8.2399296,"total":8.6837596,"children":{"AgentInfo.ToProto":{"count":288,"self":0.0009973,"total":0.44383019999999995,"children":{"GenerateSensorData":{"count":288,"self":0.0129675,"total":0.4428329,"children":{"CameraSensor.GetCompressedObservation":{"count":288,"self":0.42986539999999995,"total":0.42986539999999995,"children":null}}}}}}},"AgentInfo.ToProto":{"count":522787,"self":4.23836,"total":863.87783029999991,"children":{"GenerateSensorData":{"count":522787,"self":18.0700672,"total":859.63947009999993,"children":{"CameraSensor.GetCompressedObservation":{"count":522787,"self":841.5693824,"total":841.56940209999993,"children":null}}}}}},"gauges":{"PathFollowing.CumulativeReward":{"count":523075,"max":89.3323,"min":-1320.754,"runningAverage":-87.30591,"value":36.3218575,"weightedAverage":-57.156086}},"metadata":{"timer_format_version":"0.1.0","start_time_seconds":"1637080035","unity_version":"2020.3.12f1","command_line_arguments":"C:\\Users\\studente1\\Desktop\\Tesi_Alberti\\MyProject\\ML-builds\\Garage64EnvsCameraStuckedTimeout\\Garage64EnvsCameraStuckedTimeout.exe --mlagents-port 5006 -logFile C:\\Users\\studente1\\Desktop\\Tesi_Alberti\\MyProject\\results\\1ParkCNNcameraStuckedTimeout\\run_logs\\Player-1.log","communication_protocol_version":"1.5.0","com.unity.ml-agents_version":"2.0.0","scene_name":"CameraEnv","end_time_seconds":"1637136869"}}