{
    "name": "root",
    "gauges": {
        "PathFollowing.Policy.Entropy.mean": {
            "value": 1.5117030143737793,
            "min": 1.5020712614059448,
            "max": 1.5194510221481323,
            "count": 179
        },
        "PathFollowing.Policy.Entropy.sum": {
            "value": 15115.5185546875,
            "min": 961.4197387695312,
            "max": 15363.1689453125,
            "count": 179
        },
        "PathFollowing.Policy.ExtrinsicValueEstimate.mean": {
            "value": -2.732023000717163,
            "min": -4.120249271392822,
            "max": -1.6768319606781006,
            "count": 179
        },
        "PathFollowing.Policy.ExtrinsicValueEstimate.sum": {
            "value": -218.5618438720703,
            "min": -329.61993408203125,
            "max": -12.384222030639648,
            "count": 179
        },
        "PathFollowing.IsTraining.mean": {
            "value": 1.0,
            "min": 1.0,
            "max": 1.0,
            "count": 179
        },
        "PathFollowing.IsTraining.sum": {
            "value": 1.0,
            "min": 1.0,
            "max": 1.0,
            "count": 179
        },
        "PathFollowing.Environment.EpisodeLength.mean": {
            "value": 998.9,
            "min": 688.1333333333333,
            "max": 998.9,
            "count": 178
        },
        "PathFollowing.Environment.EpisodeLength.sum": {
            "value": 9989.0,
            "min": 9104.0,
            "max": 10871.0,
            "count": 178
        },
        "PathFollowing.Environment.CumulativeReward.mean": {
            "value": -31.45939222574234,
            "min": -56.5857791185379,
            "max": -16.716369345784187,
            "count": 178
        },
        "PathFollowing.Environment.CumulativeReward.sum": {
            "value": -314.5939222574234,
            "min": -565.857791185379,
            "max": -200.59643214941025,
            "count": 178
        },
        "PathFollowing.Policy.ExtrinsicReward.mean": {
            "value": -31.45939222574234,
            "min": -56.5857791185379,
            "max": -16.716369345784187,
            "count": 178
        },
        "PathFollowing.Policy.ExtrinsicReward.sum": {
            "value": -314.5939222574234,
            "min": -565.857791185379,
            "max": -200.59643214941025,
            "count": 178
        },
        "PathFollowing.Events.Goals.mean": {
            "value": 10.0,
            "min": 0.0,
            "max": 40.0,
            "count": 178
        },
        "PathFollowing.Events.Goals.sum": {
            "value": 10.0,
            "min": 0.0,
            "max": 50.0,
            "count": 178
        },
        "PathFollowing.Events.Timeouts.mean": {
            "value": 90.0,
            "min": 60.0,
            "max": 100.0,
            "count": 178
        },
        "PathFollowing.Events.Timeouts.sum": {
            "value": 90.0,
            "min": 60.0,
            "max": 180.0,
            "count": 178
        },
        "PathFollowing.Events.Collisions.mean": {
            "value": 0.0,
            "min": 0.0,
            "max": 40.0,
            "count": 178
        },
        "PathFollowing.Events.Collisions.sum": {
            "value": 0.0,
            "min": 0.0,
            "max": 40.0,
            "count": 178
        },
        "PathFollowing.Rewards.Goals.mean": {
            "value": 1.0,
            "min": 0.0,
            "max": 4.0,
            "count": 178
        },
        "PathFollowing.Rewards.Goals.sum": {
            "value": 1.0,
            "min": 0.0,
            "max": 5.0,
            "count": 178
        },
        "PathFollowing.Rewards.Dense.mean": {
            "value": -21.570228576660156,
            "min": -40.16887664794922,
            "max": -10.384373664855957,
            "count": 178
        },
        "PathFollowing.Rewards.Dense.sum": {
            "value": -21.570228576660156,
            "min": -56.79679489135742,
            "max": -10.384373664855957,
            "count": 178
        },
        "PathFollowing.Rewards.Collisions.mean": {
            "value": 0.0,
            "min": -12.5,
            "max": 0.0,
            "count": 178
        },
        "PathFollowing.Rewards.Collisions.sum": {
            "value": 0.0,
            "min": -12.5,
            "max": 0.0,
            "count": 178
        },
        "PathFollowing.Rewards.Time.mean": {
            "value": 0.0,
            "min": 0.0,
            "max": 0.0,
            "count": 178
        },
        "PathFollowing.Rewards.Time.sum": {
            "value": 0.0,
            "min": 0.0,
            "max": 0.0,
            "count": 178
        },
        "PathFollowing.Rewards.Distance.mean": {
            "value": -2140.99658203125,
            "min": -4007.03662109375,
            "max": -954.13134765625,
            "count": 178
        },
        "PathFollowing.Rewards.Distance.sum": {
            "value": -2140.99658203125,
            "min": -5660.025390625,
            "max": -954.13134765625,
            "count": 178
        },
        "PathFollowing.Rewards.Allignment.mean": {
            "value": 0.0,
            "min": 0.0,
            "max": 0.0,
            "count": 178
        },
        "PathFollowing.Rewards.Allignment.sum": {
            "value": 0.0,
            "min": 0.0,
            "max": 0.0,
            "count": 178
        },
        "PathFollowing.Rewards.alignmentDistance_contribution.mean": {
            "value": -7765.7919921875,
            "min": -7765.7919921875,
            "max": -20.02430534362793,
            "count": 178
        },
        "PathFollowing.Rewards.alignmentDistance_contribution.sum": {
            "value": -7765.7919921875,
            "min": -15110.4033203125,
            "max": -20.02430534362793,
            "count": 178
        },
        "PathFollowing.Losses.PolicyLoss.mean": {
            "value": 0.03373969335414586,
            "min": 0.03292397999364766,
            "max": 0.03847488596327215,
            "count": 34
        },
        "PathFollowing.Losses.PolicyLoss.sum": {
            "value": 0.03373969335414586,
            "min": 0.03292397999364766,
            "max": 0.03847488596327215,
            "count": 34
        },
        "PathFollowing.Losses.ValueLoss.mean": {
            "value": 0.6287504828969638,
            "min": 0.4786624752978484,
            "max": 0.6918943664928278,
            "count": 34
        },
        "PathFollowing.Losses.ValueLoss.sum": {
            "value": 0.6287504828969638,
            "min": 0.4786624752978484,
            "max": 0.6918943664928278,
            "count": 34
        },
        "PathFollowing.Policy.LearningRate.mean": {
            "value": 8.295624704377e-05,
            "min": 8.295624704377e-05,
            "max": 8.633876766124603e-05,
            "count": 34
        },
        "PathFollowing.Policy.LearningRate.sum": {
            "value": 8.295624704377e-05,
            "min": 8.295624704377e-05,
            "max": 8.633876766124603e-05,
            "count": 34
        },
        "PathFollowing.Policy.Epsilon.mean": {
            "value": 0.18295623000000003,
            "min": 0.18295623000000003,
            "max": 0.186338754,
            "count": 34
        },
        "PathFollowing.Policy.Epsilon.sum": {
            "value": 0.18295623000000003,
            "min": 0.18295623000000003,
            "max": 0.186338754,
            "count": 34
        },
        "PathFollowing.Policy.Beta.mean": {
            "value": 0.004149515877000001,
            "min": 0.004149515877000001,
            "max": 0.004318303824600001,
            "count": 34
        },
        "PathFollowing.Policy.Beta.sum": {
            "value": 0.004149515877000001,
            "min": 0.004149515877000001,
            "max": 0.004318303824600001,
            "count": 34
        }
    },
    "metadata": {
        "timer_format_version": "0.1.0",
        "start_time_seconds": "1655794428",