{"count":1,"self":2133.6827903999997,"total":23528.0094451,"children":{"InitializeActuators":{"count":64,"self":0.0009973,"total":0.0009973,"children":null},"InitializeSensors":{"count":64,"self":0.007977999999999999,"total":0.007977999999999999,"children":null},"AgentSendState":{"count":1190461,"self":41.995878399999995,"total":8754.1932060999989,"children":{"CollectObservations":{"count":7619008,"self":45.1465216,"total":45.146523099999996,"children":null},"WriteActionMask":{"count":7619008,"self":10.139613599999999,"total":10.1396138,"children":null},"RequestDecision":{"count":7619008,"self":25.2170192,"total":8656.9111899999989,"children":{"AgentInfo.ToProto":{"count":7619008,"self":28.563193599999998,"total":8631.6941711,"children":{"GenerateSensorData":{"count":7619008,"self":177.5358336,"total":8603.1309774,"children":{"CameraSensor.GetCompressedObservation":{"count":7619008,"self":8425.5948799999987,"total":8425.5951444,"children":null}}}}}}}}},"DecideAction":{"count":1190461,"self":12538.5408512,"total":12538.5411794,"children":null},"AgentAct":{"count":1190461,"self":19.3520528,"total":37.1390891,"children":{"AgentInfo.ToProto":{"count":10898,"self":0.0737955,"total":17.787036099999998,"children":{"GenerateSensorData":{"count":10898,"self":0.39091509999999996,"total":17.7132406,"children":{"CameraSensor.GetCompressedObservation":{"count":10898,"self":17.3223248,"total":17.322325499999998,"children":null}}}}}}},"AgentInfo.ToProto":{"count":38447,"self":0.3291267,"total":64.4431054,"children":{"GenerateSensorData":{"count":38447,"self":1.4041909,"total":64.1139787,"children":{"CameraSensor.GetCompressedObservation":{"count":38447,"self":62.7097856,"total":62.709787799999994,"children":null}}}}}},"gauges":{"PathFollowing.CumulativeReward":{"count":49345,"max":94.27199,"min":-651.3778,"runningAverage":-74.18124,"value":-213.428391,"weightedAverage":-48.76508}},"metadata":{"timer_format_version":"0.1.0","start_time_seconds":"1636583011","unity_version":"2020.3.12f1","command_line_arguments":"C:\\Users\\studente1\\Desktop\\Tesi_Alberti\\MyProject\\ML-builds\\Garage64EnvsCamera\\GarageEnv64CameraNormLocalPos.exe --mlagents-port 5006 -logFile C:\\Users\\studente1\\Desktop\\Tesi_Alberti\\MyProject\\results\\1ParkCNNcameraNormPosLocal\\run_logs\\Player-1.log","communication_protocol_version":"1.5.0","com.unity.ml-agents_version":"2.0.0","scene_name":"CameraEnv","end_time_seconds":"1636606539"}}