{
    "name": "root",
    "gauges": {
        "PathFollowing.Policy.Entropy.mean": {
            "value": 1.4326261281967163,
            "min": 1.4189382791519165,
            "max": 1.435036301612854,
            "count": 120
        },
        "PathFollowing.Policy.Entropy.sum": {
            "value": 14324.828125,
            "min": 13475.90234375,
            "max": 15038.546875,
            "count": 120
        },
        "PathFollowing.Policy.ExtrinsicValueEstimate.mean": {
            "value": -1.027335524559021,
            "min": -1.308666467666626,
            "max": 0.17519748210906982,
            "count": 120
        },
        "PathFollowing.Policy.ExtrinsicValueEstimate.sum": {
            "value": -82.18684387207031,
            "min": -104.69331359863281,
            "max": 14.015798568725586,
            "count": 120
        },
        "PathFollowing.Environment.EpisodeLength.mean": {
            "value": 998.9,
            "min": 910.0,
            "max": 998.9090909090909,
            "count": 120
        },
        "PathFollowing.Environment.EpisodeLength.sum": {
            "value": 9989.0,
            "min": 8990.0,
            "max": 10988.0,
            "count": 120
        },
        "PathFollowing.Environment.CumulativeReward.mean": {
            "value": -11.494906715543767,
            "min": -17.14743907693337,
            "max": -8.296027659572427,
            "count": 120
        },
        "PathFollowing.Environment.CumulativeReward.sum": {
            "value": -114.94906715543766,
            "min": -171.4743907693337,
            "max": -82.96027659572428,
            "count": 120
        },
        "PathFollowing.Policy.ExtrinsicReward.mean": {
            "value": -11.494906715543767,
            "min": -17.14743907693337,
            "max": -8.296027659572427,
            "count": 120
        },
        "PathFollowing.Policy.ExtrinsicReward.sum": {
            "value": -114.94906715543766,
            "min": -171.4743907693337,
            "max": -82.96027659572428,
            "count": 120
        },
        "PathFollowing.Events.Goals.mean": {
            "value": 0.0,
            "min": 0.0,
            "max": 20.0,
            "count": 119
        },
        "PathFollowing.Events.Goals.sum": {
            "value": 0.0,
            "min": 0.0,
            "max": 20.0,
            "count": 119
        },
        "PathFollowing.Events.Timeouts.mean": {
            "value": 100.0,
            "min": 80.0,
            "max": 100.0,
            "count": 119
        },
        "PathFollowing.Events.Timeouts.sum": {
            "value": 100.0,
            "min": 80.0,
            "max": 200.0,
            "count": 119
        },
        "PathFollowing.Events.Collisions.mean": {
            "value": 60.0,
            "min": 10.0,
            "max": 90.0,
            "count": 119
        },
        "PathFollowing.Events.Collisions.sum": {
            "value": 60.0,
            "min": 10.0,
            "max": 150.0,
            "count": 119
        },
        "PathFollowing.Rewards.Goals.mean": {
            "value": 0.0,
            "min": 0.0,
            "max": 2.0,
            "count": 119
        },
        "PathFollowing.Rewards.Goals.sum": {
            "value": 0.0,
            "min": 0.0,
            "max": 2.0,
            "count": 119
        },
        "PathFollowing.Rewards.Dense.mean": {
            "value": 0.004050987772643566,
            "min": 0.0017998957773670554,
            "max": 0.007464619819074869,
            "count": 119
        },
        "PathFollowing.Rewards.Dense.sum": {
            "value": 0.004050987772643566,
            "min": 0.0017998957773670554,
            "max": 0.007614917121827602,
            "count": 119
        },
        "PathFollowing.Rewards.Collisions.mean": {
            "value": -1.5499999523162842,
            "min": -7.150000095367432,
            "max": -0.05000000074505806,
            "count": 119
        },
        "PathFollowing.Rewards.Collisions.sum": {
            "value": -1.5499999523162842,
            "min": -7.150000095367432,
            "max": -0.05000000074505806,
            "count": 119
        },
        "PathFollowing.Rewards.Time.mean": {
            "value": 0.0,
            "min": 0.0,
            "max": 0.0,
            "count": 119
        },
        "PathFollowing.Rewards.Time.sum": {
            "value": 0.0,
            "min": 0.0,
            "max": 0.0,
            "count": 119
        },
        "PathFollowing.Rewards.Distance.mean": {
            "value": 0.4050990045070648,
            "min": 0.17998988926410675,
            "max": 0.7464612722396851,
            "count": 119
        },
        "PathFollowing.Rewards.Distance.sum": {
            "value": 0.4050990045070648,
            "min": 0.17998988926410675,
            "max": 0.7614898681640625,
            "count": 119
        },
        "PathFollowing.Rewards.Allignment.mean": {
            "value": 0.0,
            "min": 0.0,
            "max": 0.0,
            "count": 119
        },
        "PathFollowing.Rewards.Allignment.sum": {
            "value": 0.0,
            "min": 0.0,
            "max": 0.0,
            "count": 119
        },
        "PathFollowing.Rewards.alignmentDistance_contribution.mean": {
            "value": 0.0,
            "min": 0.0,
            "max": 0.0,
            "count": 119
        },
        "PathFollowing.Rewards.alignmentDistance_contribution.sum": {
            "value": 0.0,
            "min": 0.0,
            "max": 0.0,
            "count": 119
        },
        "PathFollowing.IsTraining.mean": {
            "value": 1.0,
            "min": 1.0,
            "max": 1.0,
            "count": 120
        },
        "PathFollowing.IsTraining.sum": {
            "value": 1.0,
            "min": 1.0,
            "max": 1.0,
            "count": 120
        },
        "PathFollowing.Losses.PolicyLoss.mean": {
            "value": 0.034979592357349244,
            "min": 0.031778727909525815,
            "max": 0.03880179235731096,
            "count": 23
        },
        "PathFollowing.Losses.PolicyLoss.sum": {
            "value": 0.034979592357349244,
            "min": 0.031778727909525815,
            "max": 0.03880179235731096,
            "count": 23
        },
        "PathFollowing.Losses.ValueLoss.mean": {
            "value": 0.6709738486508529,
            "min": 0.6666808679699898,
            "max": 0.822197287529707,
            "count": 23
        },
        "PathFollowing.Losses.ValueLoss.sum": {
            "value": 0.6709738486508529,
            "min": 0.6666808679699898,
            "max": 0.822197287529707,
            "count": 23
        },
        "PathFollowing.Policy.LearningRate.mean": {
            "value": 9.764261835738401e-05,
            "min": 9.764261835738401e-05,
            "max": 9.989755010244998e-05,
            "count": 23
        },
        "PathFollowing.Policy.LearningRate.sum": {
            "value": 9.764261835738401e-05,
            "min": 9.764261835738401e-05,
            "max": 9.989755010244998e-05,
            "count": 23
        },
        "PathFollowing.Policy.Epsilon.mean": {
            "value": 0.19764261600000002,
            "min": 0.19764261600000002,
            "max": 0.19989755,
            "count": 23
        },
        "PathFollowing.Policy.Epsilon.sum": {
            "value": 0.19764261600000002,
            "min": 0.19764261600000002,
            "max": 0.19989755,
            "count": 23
        },
        "PathFollowing.Policy.Beta.mean": {
            "value": 0.0048823665384,
            "min": 0.0048823665384,
            "max": 0.004994887745000001,
            "count": 23
        },
        "PathFollowing.Policy.Beta.sum": {
            "value": 0.0048823665384,
            "min": 0.0048823665384,
            "max": 0.004994887745000001,
            "count": 23
        }
    },
    "metadata": {
        "timer_format_version": "0.1.0",