{"count":1,"self":20370.9431808,"total":33115.618479799996,"children":{"AgentSendState":{"count":6250284,"self":149.61024,"total":3924.0459250999997,"children":{"CollectObservations":{"count":10000464,"self":89.5555136,"total":89.5555108,"children":null},"CollectDiscreteActionMasks":{"count":10000464,"self":12.137851999999999,"total":12.1378519,"children":null},"AgentInfo.ToProto":{"count":10000464,"self":48.004604799999996,"total":3672.742328,"children":{"GenerateSensorData":{"count":10000464,"self":360.87623679999996,"total":3624.7377241,"children":{"RayPerceptionSensor.Perceive":{"count":40001856,"self":3263.8615551999997,"total":3263.8614771999996,"children":null}}}}}}},"DecideAction":{"count":6250284,"self":8628.3616256,"total":8628.3619378,"children":null},"AgentAct":{"count":6250284,"self":29.7465664,"total":30.2214659,"children":{"AgentInfo.ToProto":{"count":932,"self":0.0160009,"total":0.474898,"children":{"GenerateSensorData":{"count":932,"self":0.0579853,"total":0.4588971,"children":{"RayPerceptionSensor.Perceive":{"count":3728,"self":0.4009118,"total":0.4009118,"children":null}}}}}}},"AgentInfo.ToProto":{"count":352862,"self":4.8246204,"total":162.0439396,"children":{"GenerateSensorData":{"count":352862,"self":18.8485136,"total":157.2193191,"children":{"RayPerceptionSensor.Perceive":{"count":1411448,"self":138.37080319999998,"total":138.3708054,"children":null}}}}}},"gauges":{"PathFollowing.CumulativeReward":{"count":353794,"max":0.0775349438,"min":-0.133442968,"runningAverage":0.05710436,"value":0.0606952161,"weightedAverage":0.05733651}},"metadata":{"timer_format_version":"0.1.0","start_time_seconds":"1631033030","unity_version":"2020.3.12f1","command_line_arguments":"C:\\Program Files\\Unity\\Hub\\Editor\\2020.3.12f1\\Editor\\Unity.exe -projectpath C:\/Users\/andre\/Desktop\/TESI MAGISTALE\/pathfollowing -useHub -hubIPC -cloudEnvironment production -hubSessionId 483ce300-0fe5-11ec-a75a-e3ff49627ed5 -accessToken O8wz_InSJEC7oynKIvP36F6ZZzPNbvM3jn8d9kKX3Iw012f","communication_protocol_version":"1.0.0","com.unity.ml-agents_version":"1.0.8","scene_name":"GarageExample","end_time_seconds":"1631066146"}}