{"count":1,"self":857.3584896,"total":858.641581,"children":{"InitializeActuators":{"count":1,"self":0.0019998999999999998,"total":0.0019998999999999998,"children":null},"InitializeSensors":{"count":1,"self":0.0029982999999999998,"total":0.0029982999999999998,"children":null},"AgentSendState":{"count":5177,"self":0.38564869999999996,"total":1.1749787,"children":{"CollectObservations":{"count":518,"self":0.77335999999999994,"total":0.77335999999999994,"children":null},"WriteActionMask":{"count":518,"self":0.0049711999999999994,"total":0.0049711999999999994,"children":null},"RequestDecision":{"count":518,"self":0.0039959,"total":0.0109988,"children":{"RayPerceptionSensor.Perceive":{"count":518,"self":0.0070028999999999994,"total":0.0070028999999999994,"children":null}}}}},"DecideAction":{"count":5177,"self":0.0570925,"total":0.0570925,"children":null},"AgentAct":{"count":5177,"self":0.0450167,"total":0.0450167,"children":{"RayPerceptionSensor.Perceive":{"count":1,"self":0,"total":0,"children":null}}}},"gauges":{"PathFollowing.CumulativeReward":{"count":1,"max":-535.082031,"min":-535.082031,"runningAverage":-535.082031,"value":-535.082031,"weightedAverage":-535.082031}},"metadata":{"timer_format_version":"0.1.0","start_time_seconds":"1636554199","unity_version":"2020.3.12f1","command_line_arguments":"C:\\Program Files\\Unity\\Hub\\Editor\\2020.3.12f1\\Editor\\Unity.exe -projectpath C:\/Users\/andre\/Desktop\/TESI MAGISTALE\/pathfollowing -useHub -hubIPC -cloudEnvironment production -hubSessionId f85c5480-41fb-11ec-9ef1-25a769b6bbf2 -accessToken 5X26FSkWnWHDW6aiio0GBjKnzutTnRdkcxIDe4epZPI012f","communication_protocol_version":"1.5.0","com.unity.ml-agents_version":"2.0.0","scene_name":"GarageEnv","end_time_seconds":"1636555057"}}