{"count":1,"self":108.833216,"total":111.89394759999999,"children":{"AgentSendState":{"count":5329,"self":0.0520756,"total":0.0651287,"children":{"CollectObservations":{"count":533,"self":0.012038799999999999,"total":0.012038799999999999,"children":null},"CollectDiscreteActionMasks":{"count":533,"self":0.0010142999999999999,"total":0.0010142999999999999,"children":null}}},"DecideAction":{"count":5329,"self":1.7577079999999998,"total":2.9785964999999996,"children":{"RayPerceptionSensor.Perceive":{"count":2132,"self":1.2208885999999999,"total":1.2208885999999999,"children":null}}},"AgentAct":{"count":5329,"self":0.015004199999999999,"total":0.015004199999999999,"children":null}},"gauges":{"PathFollowing.CumulativeReward":{"count":33,"max":0.0395731963,"min":-0.001726581,"runningAverage":0.0116968974,"value":0.0165676381,"weightedAverage":0.0149291977}},"metadata":{"timer_format_version":"0.1.0","start_time_seconds":"1631790388","unity_version":"2020.3.12f1","command_line_arguments":"C:\\Program Files\\Unity\\Hub\\Editor\\2020.3.12f1\\Editor\\Unity.exe -projectpath C:\/Users\/andre\/Desktop\/TESI MAGISTALE\/pathfollowing -useHub -hubIPC -cloudEnvironment production -hubSessionId 8f5f4150-16bc-11ec-9c6a-cbfb7e6014b2 -accessToken ryJpbmO0Ph7uPHpcm1p-jmofo43EprZsErOeMISWqBw012f","communication_protocol_version":"1.0.0","com.unity.ml-agents_version":"1.0.8","scene_name":"ModelChecking2","end_time_seconds":"1631790500"}}