{"count":1,"self":12246.1437952,"total":15569.316827199998,"children":{"AgentSendState":{"count":1566217,"self":43.6981664,"total":1067.8154303,"children":{"CollectObservations":{"count":2505952,"self":26.0053648,"total":26.0053645,"children":null},"CollectDiscreteActionMasks":{"count":2505952,"self":3.3366992,"total":3.3366990999999997,"children":null},"AgentInfo.ToProto":{"count":2505952,"self":13.9810064,"total":994.77519939999991,"children":{"GenerateSensorData":{"count":2505952,"self":104.262816,"total":980.79419239999993,"children":{"RayPerceptionSensor.Perceive":{"count":10023808,"self":876.5314047999999,"total":876.53137729999992,"children":null}}}}}}},"DecideAction":{"count":1566217,"self":2219.4178048,"total":2219.4177480999997,"children":null},"AgentAct":{"count":1566217,"self":7.6810152,"total":8.027018,"children":{"AgentInfo.ToProto":{"count":820,"self":0.0070409999999999995,"total":0.3460029,"children":{"GenerateSensorData":{"count":820,"self":0.0479778,"total":0.3389619,"children":{"RayPerceptionSensor.Perceive":{"count":3280,"self":0.29098409999999997,"total":0.29098409999999997,"children":null}}}}}}},"AgentInfo.ToProto":{"count":63133,"self":0.9266578,"total":27.911167199999998,"children":{"GenerateSensorData":{"count":63133,"self":3.6564859999999997,"total":26.9845094,"children":{"RayPerceptionSensor.Perceive":{"count":252532,"self":23.328024,"total":23.328023299999998,"children":null}}}}}},"gauges":{"PathFollowing.CumulativeReward":{"count":63953,"max":1.78358,"min":-0.142515615,"runningAverage":0.3400567,"value":1.02881563,"weightedAverage":0.626068}},"metadata":{"timer_format_version":"0.1.0","start_time_seconds":"1628237226","unity_version":"2020.3.12f1","command_line_arguments":"C:\\Program Files\\Unity\\Hub\\Editor\\2020.3.12f1\\Editor\\Unity.exe -projectpath C:\/Users\/andre\/Desktop\/TESI MAGISTALE\/MasterThesis -useHub -hubIPC -cloudEnvironment production -hubSessionId aa62d100-f688-11eb-8ea6-f711451522c8 -accessToken Os93SRMP2XDyQqG_lI5ScKOg--TkFL6BRr590GE_Xig012f","communication_protocol_version":"1.0.0","com.unity.ml-agents_version":"1.0.8","scene_name":"PathFollowingTraining","end_time_seconds":"1628252795"}}