{"count":1,"self":16801.0858496,"total":47922.8345337,"children":{"InitializeActuators":{"count":1,"self":0.0009994,"total":0.0009994,"children":null},"InitializeSensors":{"count":1,"self":0.0049632999999999995,"total":0.0049632999999999995,"children":null},"AgentSendState":{"count":26970419,"self":452.55096319999996,"total":811.6098167,"children":{"CollectObservations":{"count":2697042,"self":42.674953599999995,"total":42.674955,"children":null},"WriteActionMask":{"count":2697042,"self":4.9209407999999994,"total":4.9209406,"children":null},"RequestDecision":{"count":2697042,"self":26.1733808,"total":311.46296179999996,"children":{"AgentInfo.ToProto":{"count":2697042,"self":28.951036799999997,"total":285.2895814,"children":{"GenerateSensorData":{"count":2697042,"self":232.25873919999998,"total":256.3385442,"children":{"RayPerceptionSensor.Perceive":{"count":2697042,"self":24.0798128,"total":24.079812399999998,"children":null}}}}}}}}},"DecideAction":{"count":26970419,"self":30217.099673599998,"total":30217.1011335,"children":null},"AgentAct":{"count":26970419,"self":92.7487872,"total":92.748786,"children":null},"AgentInfo.ToProto":{"count":2714,"self":0.0269994,"total":0.28100929999999996,"children":{"GenerateSensorData":{"count":2714,"self":0.23300849999999998,"total":0.2540099,"children":{"RayPerceptionSensor.Perceive":{"count":2714,"self":0.0210014,"total":0.0210014,"children":null}}}}}},"gauges":{"PathFollowing.CumulativeReward":{"count":2714,"max":11.4766312,"min":-24.34565,"runningAverage":-9.86393,"value":-7.54559,"weightedAverage":-9.286961}},"metadata":{"timer_format_version":"0.1.0","start_time_seconds":"1656141600","unity_version":"2020.3.30f1","command_line_arguments":"D:\\Unity\\2020.3.30f1\\Editor\\Unity.exe -projectpath D:\\UNIGE\\Ingegneria\\Corsi\\V_anno\\Tesi\\Pathfollowing -useHub -hubIPC -cloudEnvironment production -licensingIpc LicenseClient-gianl -hubSessionId 3934a900-f456-11ec-b965-9966d175c374","communication_protocol_version":"1.5.0","com.unity.ml-agents_version":"2.0.0","scene_name":"TrainingScene","end_time_seconds":"1656189523"}}