{"count":1,"self":7088.6785024,"total":20394.6524188,"children":{"InitializeActuators":{"count":1,"self":0.0010003,"total":0.0010003,"children":null},"InitializeSensors":{"count":1,"self":0.0030001999999999997,"total":0.0030001999999999997,"children":null},"AgentSendState":{"count":8803501,"self":191.03340799999998,"total":336.8601294,"children":{"CollectObservations":{"count":880351,"self":14.0116128,"total":14.011613299999999,"children":null},"WriteActionMask":{"count":880351,"self":2.1832472,"total":2.1832472,"children":null},"RequestDecision":{"count":880351,"self":10.3538832,"total":129.6318588,"children":{"AgentInfo.ToProto":{"count":880351,"self":11.737136,"total":119.2779759,"children":{"GenerateSensorData":{"count":880351,"self":97.3682496,"total":107.54083949999999,"children":{"RayPerceptionSensor.Perceive":{"count":880351,"self":10.1725896,"total":10.1725893,"children":null}}}}}}}}},"DecideAction":{"count":8803501,"self":12927.0063104,"total":12927.0062024,"children":null},"AgentAct":{"count":8803501,"self":41.7885376,"total":41.7885377,"children":null},"AgentInfo.ToProto":{"count":2432,"self":0.025996099999999998,"total":0.3119246,"children":{"GenerateSensorData":{"count":2432,"self":0.2609371,"total":0.2859285,"children":{"RayPerceptionSensor.Perceive":{"count":2432,"self":0.0249914,"total":0.0249914,"children":null}}}}}},"gauges":{"PathFollowing.CumulativeReward":{"count":2432,"max":0.97972405,"min":-2.249934,"runningAverage":-0.0807590559,"value":0.8200224,"weightedAverage":0.368161261}},"metadata":{"timer_format_version":"0.1.0","start_time_seconds":"1652971500","unity_version":"2020.3.30f1","command_line_arguments":"D:\\Unity\\2020.3.30f1\\Editor\\Unity.exe -projectpath D:\\UNIGE\\Ingegneria\\Corsi\\V_anno\\Tesi\\Pathfollowing -useHub -hubIPC -cloudEnvironment production -licensingIpc LicenseClient-gianl -hubSessionId 25af2e50-d73c-11ec-bba2-3f53b59b283d","communication_protocol_version":"1.5.0","com.unity.ml-agents_version":"2.0.0","scene_name":"TrainingScene","end_time_seconds":"1652991894"}}