{"count":1,"self":6315.2541696,"total":18559.3937609,"children":{"InitializeActuators":{"count":1,"self":0.0020015,"total":0.0020015,"children":null},"InitializeSensors":{"count":1,"self":0.0040006,"total":0.0040006,"children":null},"AgentSendState":{"count":10500701,"self":173.2453888,"total":312.55615109999997,"children":{"CollectObservations":{"count":1050071,"self":14.1483536,"total":14.148353,"children":null},"WriteActionMask":{"count":1050071,"self":1.9168825999999999,"total":1.9168825999999999,"children":null},"RequestDecision":{"count":1050071,"self":10.078726399999999,"total":123.24552229999999,"children":{"AgentInfo.ToProto":{"count":1050071,"self":11.0060896,"total":113.16679599999999,"children":{"GenerateSensorData":{"count":1050071,"self":92.61815039999999,"total":102.16070669999999,"children":{"RayPerceptionSensor.Perceive":{"count":1050071,"self":9.5425576,"total":9.5425577,"children":null}}}}}}}}},"DecideAction":{"count":10500701,"self":11895.4196992,"total":11895.419478599999,"children":null},"AgentAct":{"count":10500701,"self":35.894864,"total":35.894864999999996,"children":null},"AgentInfo.ToProto":{"count":2550,"self":0.0299889,"total":0.2599436,"children":{"GenerateSensorData":{"count":2550,"self":0.2059617,"total":0.22995469999999998,"children":{"RayPerceptionSensor.Perceive":{"count":2550,"self":0.023993,"total":0.023993,"children":null}}}}}},"gauges":{"PathFollowing.CumulativeReward":{"count":2550,"max":9.994071,"min":-34.3444023,"runningAverage":5.443096,"value":8.772946,"weightedAverage":9.289062}},"metadata":{"timer_format_version":"0.1.0","start_time_seconds":"1655304598","unity_version":"2020.3.30f1","command_line_arguments":"D:\\Unity\\2020.3.30f1\\Editor\\Unity.exe -projectpath D:\\UNIGE\\Ingegneria\\Corsi\\V_anno\\Tesi\\Pathfollowing -useHub -hubIPC -cloudEnvironment production -licensingIpc LicenseClient-gianl -hubSessionId c89947a0-e965-11ec-b5ce-6d4d116e3175","communication_protocol_version":"1.5.0","com.unity.ml-agents_version":"2.0.0","scene_name":"TrainingScene","end_time_seconds":"1655323157"}}