{"count":1,"self":167.498304,"total":190.33351449999998,"children":{"AgentSendState":{"count":7967,"self":1.8738312,"total":22.101518499999997,"children":{"CollectObservations":{"count":12752,"self":0.59047589999999994,"total":0.59047589999999994,"children":null},"CollectDiscreteActionMasks":{"count":12752,"self":0.0781255,"total":0.0781255,"children":null},"RayPerceptionSensor.Perceive":{"count":51008,"self":19.559086399999998,"total":19.559086,"children":null}}},"DecideAction":{"count":7967,"self":0.41659009999999996,"total":0.41659009999999996,"children":null},"AgentAct":{"count":7967,"self":0.20266199999999998,"total":0.2504084,"children":{"RayPerceptionSensor.Perceive":{"count":64,"self":0.047746399999999994,"total":0.047746399999999994,"children":null}}},"RayPerceptionSensor.Perceive":{"count":72,"self":0.0185179,"total":0.0185179,"children":null}},"gauges":{"Autopark.CumulativeReward":{"count":34,"max":0.408931643,"min":-0.0524774864,"runningAverage":0.0201093014,"value":0.0684902444,"weightedAverage":0.0305733271}},"metadata":{"timer_format_version":"0.1.0","start_time_seconds":"1627652589","unity_version":"2020.3.12f1","command_line_arguments":"C:\\Program Files\\Unity\\Hub\\Editor\\2020.3.12f1\\Editor\\Unity.exe -projectpath C:\/Users\/andre\/Desktop\/TESI MAGISTALE\/MasterThesis -useHub -hubIPC -cloudEnvironment production -hubSessionId dd1f0eb0-f106-11eb-b184-33b212502923 -accessToken E_CRN1vwvKOsFryC_giKkI6fpxrLkcKg1PFJJSuBznA012f","communication_protocol_version":"1.0.0","com.unity.ml-agents_version":"1.0.8","scene_name":"Training","end_time_seconds":"1627652779"}}