{"count":1,"self":15900.8079872,"total":45765.759534799996,"children":{"InitializeActuators":{"count":1,"self":0.0019996,"total":0.0019996,"children":null},"InitializeSensors":{"count":1,"self":0.0039996,"total":0.0039996,"children":null},"AgentSendState":{"count":25589602,"self":421.4963456,"total":747.92719,"children":{"CollectObservations":{"count":2558961,"self":32.254569599999996,"total":32.254570799999996,"children":null},"WriteActionMask":{"count":2558961,"self":4.7194788,"total":4.7194788,"children":null},"RequestDecision":{"count":2558961,"self":24.6545232,"total":289.45680519999996,"children":{"AgentInfo.ToProto":{"count":2558961,"self":26.693668799999998,"total":264.8022813,"children":{"GenerateSensorData":{"count":2558961,"self":216.30927359999998,"total":238.108613,"children":{"RayPerceptionSensor.Perceive":{"count":2558961,"self":21.799337599999998,"total":21.799338199999998,"children":null}}}}}}}}},"DecideAction":{"count":25589602,"self":29027.1264768,"total":29027.127609,"children":null},"AgentAct":{"count":25589602,"self":89.56774399999999,"total":89.567744699999992,"children":null},"AgentInfo.ToProto":{"count":3181,"self":0.0269882,"total":0.3199169,"children":{"GenerateSensorData":{"count":3181,"self":0.2599318,"total":0.2929287,"children":{"RayPerceptionSensor.Perceive":{"count":3181,"self":0.032996899999999996,"total":0.032996899999999996,"children":null}}}}}},"gauges":{"PathFollowing.CumulativeReward":{"count":3181,"max":1.94644868,"min":-15.705657,"runningAverage":-1.31744611,"value":0.9531476,"weightedAverage":-0.561371267}},"metadata":{"timer_format_version":"0.1.0","start_time_seconds":"1654753916","unity_version":"2020.3.30f1","command_line_arguments":"D:\\Unity\\2020.3.30f1\\Editor\\Unity.exe -projectpath D:\\UNIGE\\Ingegneria\\Corsi\\V_anno\\Tesi\\Pathfollowing -useHub -hubIPC -cloudEnvironment production -licensingIpc LicenseClient-gianl -hubSessionId ba6b5330-e7b7-11ec-b3fc-e75eae69d2fa","communication_protocol_version":"1.5.0","com.unity.ml-agents_version":"2.0.0","scene_name":"TrainingScene","end_time_seconds":"1654799682"}}