{"count":1,"self":2070.511616,"total":6034.4763894,"children":{"InitializeActuators":{"count":1,"self":0.0019957,"total":0.0019957,"children":null},"InitializeSensors":{"count":1,"self":0.0040002,"total":0.0040002,"children":null},"AgentSendState":{"count":3494801,"self":55.6824576,"total":99.104311799999991,"children":{"CollectObservations":{"count":349481,"self":4.230092,"total":4.2300922,"children":null},"WriteActionMask":{"count":349481,"self":0.5972599,"total":0.5972599,"children":null},"RequestDecision":{"count":349481,"self":3.0621085999999997,"total":38.594504799999996,"children":{"AgentInfo.ToProto":{"count":349481,"self":3.4649191999999998,"total":35.5323962,"children":{"GenerateSensorData":{"count":349481,"self":29.2219712,"total":32.0674771,"children":{"RayPerceptionSensor.Perceive":{"count":349481,"self":2.8455063999999997,"total":2.8455065,"children":null}}}}}}}}},"DecideAction":{"count":3494801,"self":3853.1293183999996,"total":3853.1293951,"children":null},"AgentAct":{"count":3494801,"self":11.6860976,"total":11.6860976,"children":null},"AgentInfo.ToProto":{"count":354,"self":0.0030015,"total":0.036997999999999996,"children":{"GenerateSensorData":{"count":354,"self":0.027999299999999998,"total":0.0339965,"children":{"RayPerceptionSensor.Perceive":{"count":354,"self":0.0059971999999999994,"total":0.0059971999999999994,"children":null}}}}}},"gauges":{"PathFollowing.CumulativeReward":{"count":354,"max":9.300907,"min":-161.141968,"runningAverage":-56.67763,"value":-69.7355347,"weightedAverage":-55.7828}},"metadata":{"timer_format_version":"0.1.0","start_time_seconds":"1654878786","unity_version":"2020.3.30f1","command_line_arguments":"D:\\Unity\\2020.3.30f1\\Editor\\Unity.exe -projectpath D:\\UNIGE\\Ingegneria\\Corsi\\V_anno\\Tesi\\Pathfollowing -useHub -hubIPC -cloudEnvironment production -licensingIpc LicenseClient-gianl -hubSessionId 117a1210-e8da-11ec-b758-17bae6b333c6","communication_protocol_version":"1.5.0","com.unity.ml-agents_version":"2.0.0","scene_name":"TrainingScene","end_time_seconds":"1654884820"}}