{"count":1,"self":23.4913296,"total":43.0231437,"children":{"InitializeActuators":{"count":1,"self":0.00099589999999999987,"total":0.00099589999999999987,"children":null},"InitializeSensors":{"count":1,"self":0.0039629999999999995,"total":0.0039629999999999995,"children":null},"AgentSendState":{"count":43001,"self":0.58907369999999992,"total":0.98480879999999993,"children":{"CollectObservations":{"count":4301,"self":0.0488676,"total":0.0488676,"children":null},"WriteActionMask":{"count":4301,"self":0.0049902,"total":0.0049902,"children":null},"RequestDecision":{"count":4301,"self":0.0378245,"total":0.3418773,"children":{"AgentInfo.ToProto":{"count":4301,"self":0.0359132,"total":0.3040528,"children":{"GenerateSensorData":{"count":4301,"self":0.23067639999999998,"total":0.2681396,"children":{"RayPerceptionSensor.Perceive":{"count":4301,"self":0.037463199999999995,"total":0.037463199999999995,"children":null}}}}}}}}},"DecideAction":{"count":43001,"self":18.3989632,"total":18.3989633,"children":null},"AgentAct":{"count":43001,"self":0.13809939999999998,"total":0.13809939999999998,"children":null},"AgentInfo.ToProto":{"count":101,"self":0.0009961,"total":0.0039869,"children":{"GenerateSensorData":{"count":101,"self":0.0029908,"total":0.0029908,"children":{"RayPerceptionSensor.Perceive":{"count":101,"self":0,"total":0,"children":null}}}}}},"gauges":{"PathFollowing.CumulativeReward":{"count":101,"max":9.954755,"min":9.367342,"runningAverage":9.806093,"value":9.931724,"weightedAverage":9.781819}},"metadata":{"timer_format_version":"0.1.0","start_time_seconds":"1667039456","unity_version":"2021.3.6f1","command_line_arguments":"D:\\Unity\\2021.3.6f1\\Editor\\Unity.exe -projectpath D:\\UNIGE\\Ingegneria\\Corsi\\V_anno\\Tesi\\Pathfollowing -useHub -hubIPC -cloudEnvironment production -licensingIpc LicenseClient-gianl -hubSessionId 3602cf10-5774-11ed-aa36-2181874714f2","communication_protocol_version":"1.5.0","com.unity.ml-agents_version":"2.0.1","scene_name":"TrainingScene","end_time_seconds":"1667039499"}}