{
    "name": "root",
    "metadata": {
        "timer_format_version": "0.1.0",
        "start_time_seconds": "1667039449",
        "python_version": "3.9.12 (main, Apr  4 2022, 05:22:27) [MSC v.1916 64 bit (AMD64)]",
        "command_line_arguments": "D:\\Anaconda\\envs\\mlagents\\Scripts\\mlagents-learn ./trainer_config.yaml --run-id Reward_distance --resume",
        "mlagents_version": "0.29.0",
        "mlagents_envs_version": "0.29.0",
        "communication_protocol_version": "1.5.0",
        "pytorch_version": "1.12.1+cpu",
        "numpy_version": "1.21.2",
        "end_time_seconds": "1667039511"
    },
    "total": 62.4709689,
    "count": 1,
    "self": 0.01825340000000608,
    "children": {
        "run_training.setup": {
            "total": 0.10754079999999999,
            "count": 1,
            "self": 0.10754079999999999
        },
        "TrainerController.start_learning": {
            "total": 62.345174699999994,
            "count": 1,
            "self": 0.10372130000013158,
            "children": {
                "TrainerController._reset_env": {
                    "total": 7.4979016,
                    "count": 1,
                    "self": 7.4979016
                },
                "TrainerController.advance": {
                    "total": 54.601940599999864,
                    "count": 4391,
                    "self": 0.10018099999982155,
                    "children": {
                        "env_step": {
                            "total": 53.74582619999993,
                            "count": 4391,
                            "self": 49.787096400000124,
                            "children": {
                                "SubprocessEnvManager._take_step": {
                                    "total": 3.888651299999946,
                                    "count": 4391,
                                    "self": 0.29317349999985254,
                                    "children": {
                                        "TorchPolicy.evaluate": {
                                            "total": 3.5954778000000935,
                                            "count": 4299,
                                            "self": 0.784927199999979,
                                            "children": {
                                                "TorchPolicy.sample_actions": {
                                                    "total": 2.8105506000001146,
                                                    "count": 4299,
                                                    "self": 2.8105506000001146
                                                }
                                            }
                                        }
                                    }
                                },
                                "workers": {
                                    "total": 0.07007849999986426,
                                    "count": 4390,
                                    "self": 0.0,
                                    "children": {
                                        "worker_root": {
                                            "total": 42.42102260000011,
                                            "count": 4390,
                                            "is_parallel": true,
                                            "self": 9.621006100000123,
                                            "children": {
                                                "steps_from_proto": {
                                                    "total": 0.00048310000000029163,
                                                    "count": 1,
                                                    "is_parallel": true,
                                                    "self": 0.00012860000000092242,
                                                    "children": {
                                                        "_process_rank_one_or_two_observation": {
                                                            "total": 0.0003544999999993692,
                                                            "count": 4,
                                                            "is_parallel": true,
                                                            "self": 0.0003544999999993692
                                                        }
                                                    }
                                                },
                                                "UnityEnvironment.step": {
                                                    "total": 32.79953339999998,
                                                    "count": 4390,
                                                    "is_parallel": true,
                                                    "self": 0.5138379999997866,
                                                    "children": {
                                                        "UnityEnvironment._generate_step_input": {
                                                            "total": 0.3125169999999162,
                                                            "count": 4390,
                                                            "is_parallel": true,
                                                            "self": 0.3125169999999162
                                                        },
                                                        "communicator.exchange": {
                                                            "total": 30.25102450000016,
                                                            "count": 4390,
                                                            "is_parallel": true,
                                                            "self": 30.25102450000016
                                                        },
                                                        "steps_from_proto": {
                                                            "total": 1.7221539000001185,
                                                            "count": 4390,
                                                            "is_parallel": true,
                                                            "self": 0.6717447000000423,
                                                            "children": {
                                                                "_process_rank_one_or_two_observation": {
                                                                    "total": 1.0504092000000762,
                                                                    "count": 17560,
                                                                    "is_parallel": true,
                                                                    "self": 1.0504092000000762
                                                                }
                                                            }
                                                        }
                                                    }
                                                }
                                            }
                                        }
                                    }
                                }
                            }
                        },
                        "trainer_advance": {
                            "total": 0.7559334000001083,
                            "count": 4390,
                            "self": 0.11763520000016392,
                            "children": {
                                "process_trajectory": {
                                    "total": 0.6382981999999444,
                                    "count": 4390,
                                    "self": 0.6382981999999444
                                }
                            }
                        }
                    }
                },