{
    "name": "root",
    "gauges": {
        "PathFollowing.Policy.Entropy.mean": {
            "value": 1.186962366104126,
            "min": 1.186962366104126,
            "max": 1.4560719728469849,
            "count": 559
        },
        "PathFollowing.Policy.Entropy.sum": {
            "value": 11819.771484375,
            "min": 185.6375274658203,
            "max": 14716.90625,
            "count": 559
        },
        "PathFollowing.IsTraining.mean": {
            "value": 1.0,
            "min": 1.0,
            "max": 1.0,
            "count": 559
        },
        "PathFollowing.IsTraining.sum": {
            "value": 1.0,
            "min": 1.0,
            "max": 1.0,
            "count": 559
        },
        "PathFollowing.Step.mean": {
            "value": 10079963.0,
            "min": 4509935.0,
            "max": 10079963.0,
            "count": 558
        },
        "PathFollowing.Step.sum": {
            "value": 10079963.0,
            "min": 4509935.0,
            "max": 10079963.0,
            "count": 558
        },
        "PathFollowing.Policy.ExtrinsicValueEstimate.mean": {
            "value": 7.245464324951172,
            "min": -0.1639794409275055,
            "max": 7.546728134155273,
            "count": 558
        },
        "PathFollowing.Policy.ExtrinsicValueEstimate.sum": {
            "value": 1209.9925537109375,
            "min": -13.118354797363281,
            "max": 1436.1507568359375,
            "count": 558
        },
        "PathFollowing.Environment.EpisodeLength.mean": {
            "value": 66.74149659863946,
            "min": 53.03243243243243,
            "max": 998.9,
            "count": 558
        },
        "PathFollowing.Environment.EpisodeLength.sum": {
            "value": 9811.0,
            "min": 8968.0,
            "max": 10915.0,
            "count": 558
        },
        "PathFollowing.Environment.CumulativeReward.mean": {
            "value": 9.702690245140166,
            "min": -4.056473464146256,
            "max": 9.796297994054653,
            "count": 558
        },
        "PathFollowing.Environment.CumulativeReward.sum": {
            "value": 1426.2954660356045,
            "min": -40.564734641462564,
            "max": 1812.3151289001107,
            "count": 558
        },
        "PathFollowing.Policy.ExtrinsicReward.mean": {
            "value": 9.702690245140166,
            "min": -4.056473464146256,
            "max": 9.796297994054653,
            "count": 558
        },
        "PathFollowing.Policy.ExtrinsicReward.sum": {
            "value": 1426.2954660356045,
            "min": -40.564734641462564,
            "max": 1812.3151289001107,
            "count": 558
        },
        "PathFollowing.Events.Goals.mean": {
            "value": 99.28571428571429,
            "min": 0.0,
            "max": 100.0,
            "count": 558
        },
        "PathFollowing.Events.Goals.sum": {
            "value": 1390.0,
            "min": 0.0,
            "max": 1800.0,
            "count": 558
        },
        "PathFollowing.Events.Timeouts.mean": {
            "value": 0.7142857142857143,
            "min": 0.0,
            "max": 100.0,
            "count": 558
        },
        "PathFollowing.Events.Timeouts.sum": {
            "value": 10.0,
            "min": 0.0,
            "max": 180.0,
            "count": 558
        },
        "PathFollowing.Events.Collisions.mean": {
            "value": 2.857142857142857,
            "min": 0.0,
            "max": 40.0,
            "count": 558
        },
        "PathFollowing.Events.Collisions.sum": {
            "value": 40.0,
            "min": 0.0,
            "max": 110.0,
            "count": 558
        },
        "PathFollowing.Rewards.Goals.mean": {
            "value": 9.928571428571429,
            "min": 0.0,
            "max": 10.0,
            "count": 558
        },
        "PathFollowing.Rewards.Goals.sum": {
            "value": 139.0,
            "min": 0.0,
            "max": 180.0,
            "count": 558
        },
        "PathFollowing.Rewards.Dense.mean": {
            "value": -0.20970791578292847,
            "min": -3.92103910446167,
            "max": -0.19369849148723814,
            "count": 558
        },
        "PathFollowing.Rewards.Dense.sum": {
            "value": -2.9359108209609985,
            "min": -5.8514556884765625,
            "max": -0.5901766419410706,
            "count": 558
        },
        "PathFollowing.Rewards.Collisions.mean": {
            "value": -0.02142857201397419,
            "min": -2.200000047683716,
            "max": 0.0,
            "count": 558
        },
        "PathFollowing.Rewards.Collisions.sum": {
            "value": -0.30000000819563866,
            "min": -5.40000007301569,
            "max": 0.0,
            "count": 558
        },
        "PathFollowing.Rewards.Time.mean": {
            "value": 0.0,
            "min": 0.0,
            "max": 0.0,
            "count": 558
        },
        "PathFollowing.Rewards.Time.sum": {
            "value": 0.0,
            "min": 0.0,
            "max": 0.0,
            "count": 558
        },
        "PathFollowing.Rewards.Distance.mean": {
            "value": -20.970789773123606,
            "min": -392.1038818359375,
            "max": -19.369847933451336,
            "count": 558
        },
        "PathFollowing.Rewards.Distance.sum": {
            "value": -293.59105682373047,
            "min": -585.1466369628906,
            "max": -59.017738342285156,
            "count": 558
        },
        "PathFollowing.Rewards.Allignment.mean": {
            "value": 0.0,
            "min": 0.0,
            "max": 0.0,
            "count": 558
        },
        "PathFollowing.Rewards.Allignment.sum": {
            "value": 0.0,
            "min": 0.0,
            "max": 0.0,
            "count": 558
        },
        "PathFollowing.Rewards.alignmentDistance_contribution.mean": {
            "value": 0.0,
            "min": 0.0,
            "max": 0.0,
            "count": 558
        },
        "PathFollowing.Rewards.alignmentDistance_contribution.sum": {
            "value": 0.0,
            "min": 0.0,
            "max": 0.0,
            "count": 558
        },
        "PathFollowing.Losses.PolicyLoss.mean": {
            "value": 0.0412018668812622,
            "min": 0.03124853380168323,
            "max": 0.0412018668812622,
            "count": 108
        },
        "PathFollowing.Losses.PolicyLoss.sum": {
            "value": 0.0412018668812622,
            "min": 0.03124853380168323,
            "max": 0.0412018668812622,
            "count": 108
        },
        "PathFollowing.Losses.ValueLoss.mean": {
            "value": 0.32757501751184465,
            "min": 0.06708167220155398,
            "max": 0.9313957999149959,
            "count": 108
        },
        "PathFollowing.Losses.ValueLoss.sum": {
            "value": 0.32757501751184465,
            "min": 0.06708167220155398,
            "max": 0.9313957999149959,
            "count": 108
        },
        "PathFollowing.Policy.LearningRate.mean": {
            "value": 7.9929156070864e-05,
            "min": 7.9929156070864e-05,
            "max": 9.089742110258797e-05,
            "count": 108
        },
        "PathFollowing.Policy.LearningRate.sum": {
            "value": 7.9929156070864e-05,
            "min": 7.9929156070864e-05,
            "max": 9.089742110258797e-05,
            "count": 108
        },
        "PathFollowing.Policy.Epsilon.mean": {
            "value": 0.179929136,
            "min": 0.179929136,
            "max": 0.19089741200000002,
            "count": 108
        },
        "PathFollowing.Policy.Epsilon.sum": {
            "value": 0.179929136,
            "min": 0.179929136,
            "max": 0.19089741200000002,
            "count": 108
        },
        "PathFollowing.Policy.Beta.mean": {
            "value": 0.0039984638864,
            "min": 0.0039984638864,