{
    "name": "root",
    "metadata": {
        "timer_format_version": "0.1.0",
        "start_time_seconds": "1652288865",
        "python_version": "3.9.1 (tags/v3.9.1:1e5d33e, Dec  7 2020, 17:08:21) [MSC v.1927 64 bit (AMD64)]",
        "command_line_arguments": "D:\\Python3_9_1\\Scripts\\mlagents-learn ./trainer_config.yaml --run-id temp0 --resume",
        "mlagents_version": "0.25.0",
        "mlagents_envs_version": "0.25.0",
        "communication_protocol_version": "1.5.0",
        "pytorch_version": "1.7.1+cu110",
        "numpy_version": "1.20.0",
        "end_time_seconds": "1652288951"
    },
    "total": 85.7573975,
    "count": 1,
    "self": 0.011518300000005866,
    "children": {
        "run_training.setup": {
            "total": 0.11206519999999998,
            "count": 1,
            "self": 0.11206519999999998
        },
        "TrainerController.start_learning": {
            "total": 85.63381399999999,
            "count": 1,
            "self": 0.0222859999999514,
            "children": {
                "TrainerController._reset_env": {
                    "total": 6.2953707,
                    "count": 1,
                    "self": 6.2953707
                },
                "TrainerController.advance": {
                    "total": 78.90874360000004,
                    "count": 267,
                    "self": 0.003204500000038024,
                    "children": {
                        "env_step": {
                            "total": 78.9055391,
                            "count": 267,
                            "self": 78.60618950000003,
                            "children": {
                                "SubprocessEnvManager._take_step": {
                                    "total": 0.2961131000000501,
                                    "count": 267,
                                    "self": 0.01640850000003713,
                                    "children": {
                                        "TorchPolicy.evaluate": {
                                            "total": 0.27970460000001296,
                                            "count": 267,
                                            "self": 0.044736000000002996,
                                            "children": {
                                                "TorchPolicy.sample_actions": {
                                                    "total": 0.23496860000000996,
                                                    "count": 267,
                                                    "self": 0.23496860000000996
                                                }
                                            }
                                        }
                                    }
                                },
                                "workers": {
                                    "total": 0.0032364999999163757,
                                    "count": 266,
                                    "self": 0.0,
                                    "children": {
                                        "worker_root": {
                                            "total": 78.59375290000006,
                                            "count": 266,
                                            "is_parallel": true,
                                            "self": 0.6973413000000761,
                                            "children": {
                                                "steps_from_proto": {
                                                    "total": 0.000738999999999379,
                                                    "count": 1,
                                                    "is_parallel": true,
                                                    "self": 0.00015189999999876136,
                                                    "children": {
                                                        "_process_rank_one_or_two_observation": {
                                                            "total": 0.0005871000000006177,
                                                            "count": 4,
                                                            "is_parallel": true,
                                                            "self": 0.0005871000000006177
                                                        }
                                                    }
                                                },
                                                "UnityEnvironment.step": {
                                                    "total": 77.89567259999998,
                                                    "count": 266,
                                                    "is_parallel": true,
                                                    "self": 0.024970899999971152,
                                                    "children": {
                                                        "UnityEnvironment._generate_step_input": {
                                                            "total": 0.11672740000004911,
                                                            "count": 266,
                                                            "is_parallel": true,
                                                            "self": 0.11672740000004911
                                                        },
                                                        "communicator.exchange": {
                                                            "total": 77.58852009999994,
                                                            "count": 266,
                                                            "is_parallel": true,
                                                            "self": 77.58852009999994
                                                        },
                                                        "steps_from_proto": {
                                                            "total": 0.16545420000003208,
                                                            "count": 266,
                                                            "is_parallel": true,
                                                            "self": 0.03615169999990897,
                                                            "children": {
                                                                "_process_rank_one_or_two_observation": {
                                                                    "total": 0.1293025000001231,
                                                                    "count": 1064,
                                                                    "is_parallel": true,
                                                                    "self": 0.1293025000001231
                                                                }
                                                            }
                                                        }
                                                    }
                                                }
                                            }
                                        }
                                    }
                                }
                            }
                        }
                    }
                },
                "trainer_threads": {
                    "total": 2.9299999994236714e-05,
                    "count": 1,
                    "self": 2.9299999994236714e-05,
                    "children": {
                        "thread_root": {
                            "total": 0.0,
                            "count": 0,
                            "is_parallel": true,
                            "self": 0.0,
                            "children": {
                                "trainer_advance": {
                                    "total": 78.82956050000053,