{"count":1,"self":3078.0942336,"total":60706.5552348,"children":{"InitializeActuators":{"count":64,"self":0.0029954,"total":0.0029954,"children":null},"InitializeSensors":{"count":64,"self":0.0151933,"total":0.0151933,"children":null},"AgentSendState":{"count":2814901,"self":109.55135999999999,"total":34003.7803994,"children":{"GridSensor.Update":{"count":18015424,"self":28727.0731776,"total":28727.0719525,"children":null},"CollectObservations":{"count":18015424,"self":64.3602816,"total":64.360280199999991,"children":null},"WriteActionMask":{"count":18015424,"self":18.1407872,"total":18.1407879,"children":null},"RequestDecision":{"count":18015424,"self":43.6654304,"total":5084.6560245,"children":{"AgentInfo.ToProto":{"count":18015424,"self":48.0994016,"total":5040.9905948,"children":{"GenerateSensorData":{"count":18015424,"self":3845.3919744,"total":4992.8911934,"children":{"GridSensor.GetCompressedObservation":{"count":18015424,"self":1147.4991103999998,"total":1147.4991613,"children":null}}}}}}}}},"DecideAction":{"count":2814901,"self":23542.8315136,"total":23542.831014299998,"children":null},"AgentAct":{"count":2814901,"self":41.7191456,"total":41.723137699999995,"children":{"AgentInfo.ToProto":{"count":42,"self":0,"total":0.0039914999999999994,"children":{"GenerateSensorData":{"count":42,"self":0,"total":0.0039914999999999994,"children":{"GridSensor.GetCompressedObservation":{"count":42,"self":0.0039914999999999994,"total":0.0039914999999999994,"children":null}}}}}}},"AgentInfo.ToProto":{"count":309711,"self":2.1920118,"total":40.1052821,"children":{"GenerateSensorData":{"count":309711,"self":9.5866391999999987,"total":37.9132703,"children":{"GridSensor.GetCompressedObservation":{"count":309711,"self":28.3266304,"total":28.3266313,"children":null}}}}}},"gauges":{"PathFollowing.CumulativeReward":{"count":309753,"max":109.794792,"min":-12617.8936,"runningAverage":-143.41597,"value":-3597.45728,"weightedAverage":-977.888}},"metadata":{"timer_format_version":"0.1.0","start_time_seconds":"1637766967","unity_version":"2020.3.12f1","command_line_arguments":"C:\\Users\\studente1\\Desktop\\Tesi_Alberti\\MyProject\\ML-builds\\GridSensor64Envs\\GridSensor64Envs.exe -nographics -batchmode --mlagents-port 5006 -logFile C:\\Users\\studente1\\Desktop\\Tesi_Alberti\\MyProject\\results\\GridSensorNewRew\\run_logs\\Player-1.log","communication_protocol_version":"1.5.0","com.unity.ml-agents_version":"2.0.0","scene_name":"GridSensorEnv","end_time_seconds":"1637827673"}}