{
    "name": "root",
    "gauges": {
        "PathFollowing.Policy.Entropy.mean": {
            "value": 1.3165006637573242,
            "min": 1.3165006637573242,
            "max": 1.3386237621307373,
            "count": 88
        },
        "PathFollowing.Policy.Entropy.sum": {
            "value": 13187.38671875,
            "min": 13024.3837890625,
            "max": 13524.115234375,
            "count": 88
        },
        "PathFollowing.Policy.ExtrinsicValueEstimate.mean": {
            "value": 0.024850064888596535,
            "min": -0.15892937779426575,
            "max": 0.03577132150530815,
            "count": 88
        },
        "PathFollowing.Policy.ExtrinsicValueEstimate.sum": {
            "value": 2.1619555950164795,
            "min": -12.873279571533203,
            "max": 3.219419002532959,
            "count": 88
        },
        "PathFollowing.Environment.EpisodeLength.mean": {
            "value": 334.51612903225805,
            "min": 277.5405405405405,
            "max": 476.4761904761905,
            "count": 88
        },
        "PathFollowing.Environment.EpisodeLength.sum": {
            "value": 10370.0,
            "min": 9572.0,
            "max": 10424.0,
            "count": 88
        },
        "PathFollowing.Environment.CumulativeReward.mean": {
            "value": 0.09353404939174652,
            "min": -0.7657948678190057,
            "max": 0.30569830239825957,
            "count": 88
        },
        "PathFollowing.Environment.CumulativeReward.sum": {
            "value": 2.8060214817523956,
            "min": -17.22434003651142,
            "max": 11.310837188735604,
            "count": 88
        },
        "PathFollowing.Policy.ExtrinsicReward.mean": {
            "value": 0.09353404939174652,
            "min": -0.7657948678190057,
            "max": 0.30569830239825957,
            "count": 88
        },
        "PathFollowing.Policy.ExtrinsicReward.sum": {
            "value": 2.8060214817523956,
            "min": -17.22434003651142,
            "max": 11.310837188735604,
            "count": 88
        },
        "PathFollowing.Events.Goals.mean": {
            "value": 40.0,
            "min": 5.0,
            "max": 60.0,
            "count": 88
        },
        "PathFollowing.Events.Goals.sum": {
            "value": 120.0,
            "min": 10.0,
            "max": 220.0,
            "count": 88
        },
        "PathFollowing.Events.Timeouts.mean": {
            "value": 60.0,
            "min": 40.0,
            "max": 95.0,
            "count": 88
        },
        "PathFollowing.Events.Timeouts.sum": {
            "value": 180.0,
            "min": 100.0,
            "max": 240.0,
            "count": 88
        },
        "PathFollowing.Events.Collisions.mean": {
            "value": 3.3333333333333335,
            "min": 0.0,
            "max": 50.0,
            "count": 88
        },
        "PathFollowing.Events.Collisions.sum": {
            "value": 10.0,
            "min": 0.0,
            "max": 100.0,
            "count": 88
        },
        "PathFollowing.Rewards.Goals.mean": {
            "value": 0.4000000109275182,
            "min": 0.05000000074505806,
            "max": 0.6000000139077505,
            "count": 88
        },
        "PathFollowing.Rewards.Goals.sum": {
            "value": 1.2000000327825546,
            "min": 0.10000000149011612,
            "max": 2.2000000178813934,
            "count": 88
        },
        "PathFollowing.Rewards.Dense.mean": {
            "value": -0.30858304103215534,
            "min": -0.9169690907001495,
            "max": -0.28465284779667854,
            "count": 88
        },
        "PathFollowing.Rewards.Dense.sum": {
            "value": -0.9257491230964661,
            "min": -2.333006262779236,
            "max": -0.6561442017555237,
            "count": 88
        },
        "PathFollowing.Rewards.Collisions.mean": {
            "value": -0.00033333331036070984,
            "min": -0.00549999950453639,
            "max": 0.0,
            "count": 88
        },
        "PathFollowing.Rewards.Collisions.sum": {
            "value": -0.0009999999310821295,
            "min": -0.010999999707564712,
            "max": 0.0,
            "count": 88
        },
        "PathFollowing.Rewards.Time.mean": {
            "value": 0.0,
            "min": 0.0,
            "max": 0.0,
            "count": 88
        },
        "PathFollowing.Rewards.Time.sum": {
            "value": 0.0,
            "min": 0.0,
            "max": 0.0,
            "count": 88
        },
        "PathFollowing.Rewards.Distance.mean": {
            "value": -30.23152732849121,
            "min": -91.3782730102539,
            "max": -27.447736740112305,
            "count": 88
        },
        "PathFollowing.Rewards.Distance.sum": {
            "value": -90.69458198547363,
            "min": -232.4173583984375,
            "max": -63.99563407897949,
            "count": 88
        },
        "PathFollowing.Rewards.Allignment.mean": {
            "value": -0.6268071432908376,
            "min": -2.4288838505744934,
            "max": -0.24585716426372528,
            "count": 88
        },
        "PathFollowing.Rewards.Allignment.sum": {
            "value": -1.8804214298725128,
            "min": -6.924487829208374,
            "max": -0.49171432852745056,
            "count": 88
        },
        "PathFollowing.IsTraining.mean": {
            "value": 1.0,
            "min": 1.0,
            "max": 1.0,
            "count": 88
        },
        "PathFollowing.IsTraining.sum": {
            "value": 1.0,
            "min": 1.0,
            "max": 1.0,
            "count": 88
        },
        "PathFollowing.Losses.PolicyLoss.mean": {
            "value": 0.03179245158084086,
            "min": 0.03179245158084086,
            "max": 0.03786453624891389,
            "count": 17
        },
        "PathFollowing.Losses.PolicyLoss.sum": {
            "value": 0.03179245158084086,
            "min": 0.03179245158084086,
            "max": 0.03786453624891389,
            "count": 17
        },
        "PathFollowing.Losses.ValueLoss.mean": {
            "value": 0.007336449855938554,
            "min": 0.006006939319583277,
            "max": 0.013995754060645899,
            "count": 17
        },
        "PathFollowing.Losses.ValueLoss.sum": {
            "value": 0.007336449855938554,
            "min": 0.006006939319583277,
            "max": 0.013995754060645899,
            "count": 17
        },
        "PathFollowing.Policy.LearningRate.mean": {
            "value": 1.286968713040001e-05,
            "min": 1.286968713040001e-05,
            "max": 9.487180512819997e-05,
            "count": 17
        },
        "PathFollowing.Policy.LearningRate.sum": {
            "value": 1.286968713040001e-05,
            "min": 1.286968713040001e-05,
            "max": 9.487180512819997e-05,
            "count": 17
        },
        "PathFollowing.Policy.Epsilon.mean": {
            "value": 0.11286960000000003,
            "min": 0.11286960000000003,
            "max": 0.1948718,
            "count": 17
        },
        "PathFollowing.Policy.Epsilon.sum": {
            "value": 0.11286960000000003,
            "min": 0.11286960000000003,
            "max": 0.1948718,
            "count": 17
        },
        "PathFollowing.Policy.Beta.mean": {
            "value": 0.0006521930400000003,
            "min": 0.0006521930400000003,
            "max": 0.0047441028199999985,
            "count": 17
        },
        "PathFollowing.Policy.Beta.sum": {
            "value": 0.0006521930400000003,
            "min": 0.0006521930400000003,
            "max": 0.0047441028199999985,
            "count": 17
        }
    },
    "metadata": {
        "timer_format_version": "0.1.0",
        "start_time_seconds": "1652971487",
        "python_version": "3.9.1 (tags/v3.9.1:1e5d33e, Dec  7 2020, 17:08:21) [MSC v.1927 64 bit (AMD64)]",