{
    "name": "root",
    "gauges": {
        "PathFollowing.Policy.Entropy.mean": {
            "value": 1.3162424564361572,
            "min": 1.3162424564361572,
            "max": 1.3162424564361572,
            "count": 3
        },
        "PathFollowing.Policy.Entropy.sum": {
            "value": 13174.2705078125,
            "min": 12067.310546875,
            "max": 13247.98046875,
            "count": 3
        },
        "PathFollowing.Policy.ExtrinsicValueEstimate.mean": {
            "value": 0.08682345598936081,
            "min": 0.08682345598936081,
            "max": 0.12849484384059906,
            "count": 3
        },
        "PathFollowing.Policy.ExtrinsicValueEstimate.sum": {
            "value": 7.2063469886779785,
            "min": 7.2063469886779785,
            "max": 10.665072441101074,
            "count": 3
        },
        "PathFollowing.Environment.EpisodeLength.mean": {
            "value": 410.7083333333333,
            "min": 398.27272727272725,
            "max": 429.0416666666667,
            "count": 3
        },
        "PathFollowing.Environment.EpisodeLength.sum": {
            "value": 9857.0,
            "min": 8762.0,
            "max": 10297.0,
            "count": 3
        },
        "PathFollowing.Environment.CumulativeReward.mean": {
            "value": -0.4618505947291851,
            "min": -0.4618505947291851,
            "max": -0.2685620527375828,
            "count": 3
        },
        "PathFollowing.Environment.CumulativeReward.sum": {
            "value": -11.084414273500443,
            "min": -11.084414273500443,
            "max": -5.908365160226822,
            "count": 3
        },
        "PathFollowing.Policy.ExtrinsicReward.mean": {
            "value": -0.4618505947291851,
            "min": -0.4618505947291851,
            "max": -0.2685620527375828,
            "count": 3
        },
        "PathFollowing.Policy.ExtrinsicReward.sum": {
            "value": -11.084414273500443,
            "min": -11.084414273500443,
            "max": -5.908365160226822,
            "count": 3
        },
        "PathFollowing.Events.Goals.mean": {
            "value": 26.666666666666668,
            "min": 15.0,
            "max": 30.0,
            "count": 3
        },
        "PathFollowing.Events.Goals.sum": {
            "value": 80.0,
            "min": 30.0,
            "max": 80.0,
            "count": 3
        },
        "PathFollowing.Events.Timeouts.mean": {
            "value": 73.33333333333333,
            "min": 70.0,
            "max": 85.0,
            "count": 3
        },
        "PathFollowing.Events.Timeouts.sum": {
            "value": 220.0,
            "min": 140.0,
            "max": 220.0,
            "count": 3
        },
        "PathFollowing.Events.Collisions.mean": {
            "value": 10.0,
            "min": 10.0,
            "max": 15.0,
            "count": 3
        },
        "PathFollowing.Events.Collisions.sum": {
            "value": 30.0,
            "min": 20.0,
            "max": 30.0,
            "count": 3
        },
        "PathFollowing.Rewards.Goals.mean": {
            "value": 0.26666667064030963,
            "min": 0.15000000223517418,
            "max": 0.30000001192092896,
            "count": 3
        },
        "PathFollowing.Rewards.Goals.sum": {
            "value": 0.800000011920929,
            "min": 0.30000000447034836,
            "max": 0.800000011920929,
            "count": 3
        },
        "PathFollowing.Rewards.Dense.mean": {
            "value": -0.6731765866279602,
            "min": -0.6731765866279602,
            "max": -0.5228347033262253,
            "count": 3
        },
        "PathFollowing.Rewards.Dense.sum": {
            "value": -2.0195297598838806,
            "min": -2.0195297598838806,
            "max": -1.0456694066524506,
            "count": 3
        },
        "PathFollowing.Rewards.Collisions.mean": {
            "value": -0.001000000008692344,
            "min": -0.0014999998966231942,
            "max": -0.0009999999310821295,
            "count": 3
        },
        "PathFollowing.Rewards.Collisions.sum": {
            "value": -0.003000000026077032,
            "min": -0.003000000026077032,
            "max": -0.001999999862164259,
            "count": 3
        },
        "PathFollowing.Rewards.Time.mean": {
            "value": 0.0,
            "min": 0.0,
            "max": 0.0,
            "count": 3
        },
        "PathFollowing.Rewards.Time.sum": {
            "value": 0.0,
            "min": 0.0,
            "max": 0.0,
            "count": 3
        },
        "PathFollowing.Rewards.Distance.mean": {
            "value": -66.75550333658855,
            "min": -66.75550333658855,
            "max": -51.413679122924805,
            "count": 3
        },
        "PathFollowing.Rewards.Distance.sum": {
            "value": -200.26651000976562,
            "min": -200.26651000976562,
            "max": -102.82735824584961,
            "count": 3
        },
        "PathFollowing.Rewards.Allignment.mean": {
            "value": -0.5622345904509226,
            "min": -0.8697689473628998,
            "max": -0.5622345904509226,
            "count": 3
        },
        "PathFollowing.Rewards.Allignment.sum": {
            "value": -1.686703771352768,
            "min": -1.7395378947257996,
            "max": -1.3028069734573364,
            "count": 3
        },
        "PathFollowing.IsTraining.mean": {
            "value": 1.0,
            "min": 1.0,
            "max": 1.0,
            "count": 3
        },
        "PathFollowing.IsTraining.sum": {
            "value": 1.0,
            "min": 1.0,
            "max": 1.0,
            "count": 3
        }
    },
    "metadata": {
        "timer_format_version": "0.1.0",
        "start_time_seconds": "1653040180",
        "python_version": "3.9.1 (tags/v3.9.1:1e5d33e, Dec  7 2020, 17:08:21) [MSC v.1927 64 bit (AMD64)]",
        "command_line_arguments": "D:\\Python3_9_1\\Scripts\\mlagents-learn ./trainer_config.yaml --run-id entry_initFromBasic --resume",
        "mlagents_version": "0.25.0",
        "mlagents_envs_version": "0.25.0",
        "communication_protocol_version": "1.5.0",
        "pytorch_version": "1.7.1+cu110",
        "numpy_version": "1.20.0",
        "end_time_seconds": "1653041057"
    },
    "total": 876.6588017,
    "count": 1,
    "self": 0.019509000000084598,
    "children": {
        "run_training.setup": {
            "total": 0.11481680000000005,
            "count": 1,
            "self": 0.11481680000000005
        },
        "TrainerController.start_learning": {
            "total": 876.5244759,
            "count": 1,
            "self": 0.9705015999945772,
            "children": {
                "TrainerController._reset_env": {
                    "total": 16.2251236,
                    "count": 1,
                    "self": 16.2251236
                },
                "TrainerController.advance": {
                    "total": 859.1313887000055,
                    "count": 30951,
                    "self": 0.46331550001707456,
                    "children": {
                        "env_step": {
                            "total": 858.6680731999884,
                            "count": 30951,
                            "self": 825.7241441999811,
                            "children": {
                                "SubprocessEnvManager._take_step": {
                                    "total": 32.43389130000185,
                                    "count": 30951,
                                    "self": 2.141455299998494,
                                    "children": {
                                        "TorchPolicy.evaluate": {
                                            "total": 30.292436000003352,
                                            "count": 30886,
                                            "self": 6.184324800005481,