{
    "name": "root",
    "gauges": {
        "PathFollowing.Policy.Entropy.mean": {
            "value": 1.4222418069839478,
            "min": 1.4121228456497192,
            "max": 1.4238530397415161,
            "count": 147
        },
        "PathFollowing.Policy.Entropy.sum": {
            "value": 14220.99609375,
            "min": 14013.9794921875,
            "max": 14409.6884765625,
            "count": 147
        },
        "PathFollowing.Policy.ExtrinsicValueEstimate.mean": {
            "value": -1.5615931749343872,
            "min": -2.542842388153076,
            "max": -1.0741503238677979,
            "count": 147
        },
        "PathFollowing.Policy.ExtrinsicValueEstimate.sum": {
            "value": -124.92745208740234,
            "min": -203.42738342285156,
            "max": -85.9320297241211,
            "count": 147
        },
        "PathFollowing.Environment.EpisodeLength.mean": {
            "value": 998.9,
            "min": 898.9090909090909,
            "max": 998.9,
            "count": 147
        },
        "PathFollowing.Environment.EpisodeLength.sum": {
            "value": 9989.0,
            "min": 9149.0,
            "max": 10637.0,
            "count": 147
        },
        "PathFollowing.Environment.CumulativeReward.mean": {
            "value": -14.942985118925572,
            "min": -25.359730508178473,
            "max": -10.741228970614346,
            "count": 147
        },
        "PathFollowing.Environment.CumulativeReward.sum": {
            "value": -149.42985118925571,
            "min": -253.59730508178473,
            "max": -111.64819459989667,
            "count": 147
        },
        "PathFollowing.Policy.ExtrinsicReward.mean": {
            "value": -14.942985118925572,
            "min": -25.359730508178473,
            "max": -10.741228970614346,
            "count": 147
        },
        "PathFollowing.Policy.ExtrinsicReward.sum": {
            "value": -149.42985118925571,
            "min": -253.59730508178473,
            "max": -111.64819459989667,
            "count": 147
        },
        "PathFollowing.Events.Goals.mean": {
            "value": 0.0,
            "min": 0.0,
            "max": 20.0,
            "count": 147
        },
        "PathFollowing.Events.Goals.sum": {
            "value": 0.0,
            "min": 0.0,
            "max": 20.0,
            "count": 147
        },
        "PathFollowing.Events.Timeouts.mean": {
            "value": 100.0,
            "min": 80.0,
            "max": 100.0,
            "count": 147
        },
        "PathFollowing.Events.Timeouts.sum": {
            "value": 100.0,
            "min": 80.0,
            "max": 190.0,
            "count": 147
        },
        "PathFollowing.Events.Collisions.mean": {
            "value": 30.0,
            "min": 0.0,
            "max": 90.0,
            "count": 147
        },
        "PathFollowing.Events.Collisions.sum": {
            "value": 30.0,
            "min": 0.0,
            "max": 90.0,
            "count": 147
        },
        "PathFollowing.Rewards.Goals.mean": {
            "value": 0.0,
            "min": 0.0,
            "max": 2.0,
            "count": 147
        },
        "PathFollowing.Rewards.Goals.sum": {
            "value": 0.0,
            "min": 0.0,
            "max": 2.0,
            "count": 147
        },
        "PathFollowing.Rewards.Dense.mean": {
            "value": -3.861668348312378,
            "min": -6.223028182983398,
            "max": -2.582963228225708,
            "count": 147
        },
        "PathFollowing.Rewards.Dense.sum": {
            "value": -3.861668348312378,
            "min": -7.323798894882202,
            "max": -2.582963228225708,
            "count": 147
        },
        "PathFollowing.Rewards.Collisions.mean": {
            "value": -0.20000000298023224,
            "min": -12.149999618530273,
            "max": 0.0,
            "count": 147
        },
        "PathFollowing.Rewards.Collisions.sum": {
            "value": -0.20000000298023224,
            "min": -12.149999618530273,
            "max": 0.0,
            "count": 147
        },
        "PathFollowing.Rewards.Time.mean": {
            "value": 0.0,
            "min": 0.0,
            "max": 0.0,
            "count": 147
        },
        "PathFollowing.Rewards.Time.sum": {
            "value": 0.0,
            "min": 0.0,
            "max": 0.0,
            "count": 147
        },
        "PathFollowing.Rewards.Distance.mean": {
            "value": -386.1667175292969,
            "min": -622.30419921875,
            "max": -258.2965087890625,
            "count": 147
        },
        "PathFollowing.Rewards.Distance.sum": {
            "value": -386.1667175292969,
            "min": -732.3803405761719,
            "max": -258.2965087890625,
            "count": 147
        },
        "PathFollowing.Rewards.Allignment.mean": {
            "value": 0.0,
            "min": 0.0,
            "max": 0.0,
            "count": 147
        },
        "PathFollowing.Rewards.Allignment.sum": {
            "value": 0.0,
            "min": 0.0,
            "max": 0.0,
            "count": 147
        },
        "PathFollowing.Rewards.alignmentDistance_contribution.mean": {
            "value": 0.0,
            "min": 0.0,
            "max": 0.0,
            "count": 147
        },
        "PathFollowing.Rewards.alignmentDistance_contribution.sum": {
            "value": 0.0,
            "min": 0.0,
            "max": 0.0,
            "count": 147
        },
        "PathFollowing.IsTraining.mean": {
            "value": 1.0,
            "min": 1.0,
            "max": 1.0,
            "count": 147
        },
        "PathFollowing.IsTraining.sum": {
            "value": 1.0,
            "min": 1.0,
            "max": 1.0,
            "count": 147
        },
        "PathFollowing.Losses.PolicyLoss.mean": {
            "value": 0.03431127770563762,
            "min": 0.03311244773358339,
            "max": 0.03693456243515054,
            "count": 28
        },
        "PathFollowing.Losses.PolicyLoss.sum": {
            "value": 0.03431127770563762,
            "min": 0.03311244773358339,
            "max": 0.03693456243515054,
            "count": 28
        },
        "PathFollowing.Losses.ValueLoss.mean": {
            "value": 0.6408585566282272,
            "min": 0.555283608486255,
            "max": 0.6849136838316917,
            "count": 28
        },
        "PathFollowing.Losses.ValueLoss.sum": {
            "value": 0.6408585566282272,
            "min": 0.555283608486255,
            "max": 0.6849136838316917,
            "count": 28
        },
        "PathFollowing.Policy.LearningRate.mean": {
            "value": 9.7129750870252e-05,
            "min": 9.7129750870252e-05,
            "max": 9.989749810250199e-05,
            "count": 28
        },
        "PathFollowing.Policy.LearningRate.sum": {
            "value": 9.7129750870252e-05,
            "min": 9.7129750870252e-05,
            "max": 9.989749810250199e-05,
            "count": 28
        },
        "PathFollowing.Policy.Epsilon.mean": {
            "value": 0.19712974800000002,
            "min": 0.19712974800000002,
            "max": 0.19989749799999998,
            "count": 28
        },
        "PathFollowing.Policy.Epsilon.sum": {
            "value": 0.19712974800000002,
            "min": 0.19712974800000002,
            "max": 0.19989749799999998,
            "count": 28
        },
        "PathFollowing.Policy.Beta.mean": {
            "value": 0.0048567744252000005,
            "min": 0.0048567744252000005,
            "max": 0.004994885150200001,
            "count": 28
        },
        "PathFollowing.Policy.Beta.sum": {
            "value": 0.0048567744252000005,
            "min": 0.0048567744252000005,
            "max": 0.004994885150200001,
            "count": 28
        }
    },
    "metadata": {
        "timer_format_version": "0.1.0",