{
    "name": "root",
    "gauges": {
        "PathFollowing.Policy.Entropy.mean": {
            "value": 1.3386237621307373,
            "min": 1.3386236429214478,
            "max": 1.3419151306152344,
            "count": 21
        },
        "PathFollowing.Policy.Entropy.sum": {
            "value": 13374.189453125,
            "min": 6064.1142578125,
            "max": 13507.716796875,
            "count": 21
        },
        "PathFollowing.Environment.EpisodeLength.mean": {
            "value": 25.08616187989556,
            "min": 24.8656330749354,
            "max": 33.702508960573475,
            "count": 21
        },
        "PathFollowing.Environment.EpisodeLength.sum": {
            "value": 9608.0,
            "min": 4355.0,
            "max": 9989.0,
            "count": 21
        },
        "PathFollowing.Policy.ExtrinsicValueEstimate.mean": {
            "value": 0.8620555400848389,
            "min": 0.7831690311431885,
            "max": 0.8634753823280334,
            "count": 21
        },
        "PathFollowing.Policy.ExtrinsicValueEstimate.sum": {
            "value": 330.1672668457031,
            "min": 137.2930908203125,
            "max": 334.16497802734375,
            "count": 21
        },
        "PathFollowing.Environment.CumulativeReward.mean": {
            "value": 0.9818558859451633,
            "min": 0.9478820958839995,
            "max": 0.9820557949770945,
            "count": 21
        },
        "PathFollowing.Environment.CumulativeReward.sum": {
            "value": 376.0508043169975,
            "min": 159.86204129457474,
            "max": 380.05559265613556,
            "count": 21
        },
        "PathFollowing.Policy.ExtrinsicReward.mean": {
            "value": 0.9818558859451633,
            "min": 0.9478820958839995,
            "max": 0.9820557949770945,
            "count": 21
        },
        "PathFollowing.Policy.ExtrinsicReward.sum": {
            "value": 376.0508043169975,
            "min": 159.86204129457474,
            "max": 380.05559265613556,
            "count": 21
        },
        "PathFollowing.Events.Goals.mean": {
            "value": 100.0,
            "min": 98.57142857142857,
            "max": 100.0,
            "count": 21
        },
        "PathFollowing.Events.Goals.sum": {
            "value": 3800.0,
            "min": 1600.0,
            "max": 3900.0,
            "count": 21
        },
        "PathFollowing.Events.Timeouts.mean": {
            "value": 0.0,
            "min": 0.0,
            "max": 1.4285714285714286,
            "count": 21
        },
        "PathFollowing.Events.Timeouts.sum": {
            "value": 0.0,
            "min": 0.0,
            "max": 40.0,
            "count": 21
        },
        "PathFollowing.Events.Collisions.mean": {
            "value": 0.0,
            "min": 0.0,
            "max": 1.0714285714285714,
            "count": 21
        },
        "PathFollowing.Events.Collisions.sum": {
            "value": 0.0,
            "min": 0.0,
            "max": 30.0,
            "count": 21
        },
        "PathFollowing.Rewards.Goals.mean": {
            "value": 1.0,
            "min": 0.985714282308306,
            "max": 1.0,
            "count": 21
        },
        "PathFollowing.Rewards.Goals.sum": {
            "value": 38.0,
            "min": 16.0,
            "max": 39.0,
            "count": 21
        },
        "PathFollowing.Rewards.Dense.mean": {
            "value": -0.019403404409163875,
            "min": -0.038990518410823176,
            "max": -0.0191891213449148,
            "count": 21
        },
        "PathFollowing.Rewards.Dense.sum": {
            "value": -0.7373293675482273,
            "min": -1.091734515503049,
            "max": -0.3279328662902117,
            "count": 21
        },
        "PathFollowing.Rewards.Collisions.mean": {
            "value": 0.0,
            "min": -0.0001428571330117328,
            "max": 0.0,
            "count": 21
        },
        "PathFollowing.Rewards.Collisions.sum": {
            "value": 0.0,
            "min": -0.003999999724328518,
            "max": 0.0,
            "count": 21
        },
        "PathFollowing.Rewards.Time.mean": {
            "value": 0.0,
            "min": 0.0,
            "max": 0.0,
            "count": 21
        },
        "PathFollowing.Rewards.Time.sum": {
            "value": 0.0,
            "min": 0.0,
            "max": 0.0,
            "count": 21
        },
        "PathFollowing.Rewards.Distance.mean": {
            "value": -1.9381513156388934,
            "min": -3.895822422845023,
            "max": -1.9169146005923932,
            "count": 21
        },
        "PathFollowing.Rewards.Distance.sum": {
            "value": -73.64974999427795,
            "min": -109.08302783966064,
            "max": -32.759079337120056,
            "count": 21
        },
        "PathFollowing.Rewards.Allignment.mean": {
            "value": -0.0021888840189938875,
            "min": -0.0035138544626533985,
            "max": -0.0019410758724030203,
            "count": 21
        },
        "PathFollowing.Rewards.Allignment.sum": {
            "value": -0.08317759272176772,
            "min": -0.10541563387960196,
            "max": -0.03419818205293268,
            "count": 21
        },
        "PathFollowing.IsTraining.mean": {
            "value": 1.0,
            "min": 1.0,
            "max": 1.0,
            "count": 21
        },
        "PathFollowing.IsTraining.sum": {
            "value": 1.0,
            "min": 1.0,
            "max": 1.0,
            "count": 21
        },
        "PathFollowing.Losses.PolicyLoss.mean": {
            "value": 0.03596441507465594,
            "min": 0.03292172962256397,
            "max": 0.03596441507465594,
            "count": 3
        },
        "PathFollowing.Losses.PolicyLoss.sum": {
            "value": 0.03596441507465594,
            "min": 0.03292172962256397,
            "max": 0.03596441507465594,
            "count": 3
        },
        "PathFollowing.Losses.ValueLoss.mean": {
            "value": 0.001579211697583863,
            "min": 0.001579211697583863,
            "max": 0.0025785116143136597,
            "count": 3
        },
        "PathFollowing.Losses.ValueLoss.sum": {
            "value": 0.001579211697583863,
            "min": 0.001579211697583863,
            "max": 0.0025785116143136597,
            "count": 3
        },
        "PathFollowing.Policy.LearningRate.mean": {
            "value": 5.085194914899999e-06,
            "min": 5.085194914899999e-06,
            "max": 1.5328284671800004e-05,
            "count": 3
        },
        "PathFollowing.Policy.LearningRate.sum": {
            "value": 5.085194914899999e-06,
            "min": 5.085194914899999e-06,
            "max": 1.5328284671800004e-05,
            "count": 3
        },
        "PathFollowing.Policy.Epsilon.mean": {
            "value": 0.10508510000000001,
            "min": 0.10508510000000001,
            "max": 0.1153282,
            "count": 3
        },
        "PathFollowing.Policy.Epsilon.sum": {
            "value": 0.10508510000000001,
            "min": 0.10508510000000001,
            "max": 0.1153282,
            "count": 3
        },
        "PathFollowing.Policy.Beta.mean": {
            "value": 0.00026374648999999997,
            "min": 0.00026374648999999997,
            "max": 0.0007748771800000002,
            "count": 3
        },
        "PathFollowing.Policy.Beta.sum": {
            "value": 0.00026374648999999997,
            "min": 0.00026374648999999997,
            "max": 0.0007748771800000002,
            "count": 3
        }
    },
    "metadata": {
        "timer_format_version": "0.1.0",
        "start_time_seconds": "1652886414",
        "python_version": "3.9.1 (tags/v3.9.1:1e5d33e, Dec  7 2020, 17:08:21) [MSC v.1927 64 bit (AMD64)]",