{"count":1,"self":963.7906432,"total":15748.9080266,"children":{"InitializeActuators":{"count":128,"self":0.0039997999999999995,"total":0.0039997999999999995,"children":null},"InitializeSensors":{"count":128,"self":0.007999,"total":0.007999,"children":null},"AgentSendState":{"count":203534,"self":1469.4032384,"total":1707.4854199,"children":{"CollectObservations":{"count":2605312,"self":26.7240592,"total":26.7240595,"children":null},"WriteActionMask":{"count":2605312,"self":6.314048,"total":6.3140478,"children":null},"RequestDecision":{"count":2605312,"self":16.084678399999998,"total":205.04403209999998,"children":{"AgentInfo.ToProto":{"count":2605312,"self":18.9552384,"total":188.9593536,"children":{"GenerateSensorData":{"count":2605312,"self":126.1328128,"total":170.0041154,"children":{"RayPerceptionSensor.Perceive":{"count":2605312,"self":43.8713056,"total":43.8713048,"children":null}}}}}}}}},"DecideAction":{"count":203534,"self":13060.2745856,"total":13060.274260299999,"children":null},"AgentAct":{"count":203534,"self":14.9809456,"total":15.341293199999999,"children":{"AgentInfo.ToProto":{"count":3686,"self":0.0300004,"total":0.36034689999999997,"children":{"GenerateSensorData":{"count":3686,"self":0.2722797,"total":0.3303465,"children":{"RayPerceptionSensor.Perceive":{"count":3686,"self":0.058066799999999995,"total":0.058066799999999995,"children":null}}}}}}},"AgentInfo.ToProto":{"count":18119,"self":0.2973477,"total":1.9984496999999999,"children":{"GenerateSensorData":{"count":18119,"self":1.3568647,"total":1.701102,"children":{"RayPerceptionSensor.Perceive":{"count":18119,"self":0.34423729999999997,"total":0.34423729999999997,"children":null}}}}}},"gauges":{"PathFollowing.CumulativeReward":{"count":21805,"max":91.86042,"min":-695.3187,"runningAverage":-139.2665,"value":-88.96527,"weightedAverage":-137.454773}},"metadata":{"timer_format_version":"0.1.0","start_time_seconds":"1636537546","unity_version":"2020.3.12f1","command_line_arguments":"C:\\Users\\andre\\Desktop\\TESI MAGISTALE\\pathfollowing\\ML-builds\\Garage128EnvsNormalizedPos\\GarageEnv128NormPos.exe -nographics -batchmode --mlagents-port 5006 -logFile C:\\Users\\andre\\Desktop\\TESI MAGISTALE\\pathfollowing\\results\\1Park512x7NormPos\\run_logs\\Player-1.log","communication_protocol_version":"1.5.0","com.unity.ml-agents_version":"2.0.0","scene_name":"GarageEnv","end_time_seconds":"1636553295"}}