{
    "name": "root",
    "metadata": {
        "timer_format_version": "0.1.0",
        "start_time_seconds": "1653572997",
        "python_version": "3.9.1 (tags/v3.9.1:1e5d33e, Dec  7 2020, 17:08:21) [MSC v.1927 64 bit (AMD64)]",
        "command_line_arguments": "D:\\Python3_9_1\\Scripts\\mlagents-learn ./trainer_config.yaml --run-id entry_initFromBasic_2M --resume",
        "mlagents_version": "0.25.0",
        "mlagents_envs_version": "0.25.0",
        "communication_protocol_version": "1.5.0",
        "pytorch_version": "1.7.1+cu110",
        "numpy_version": "1.20.0",
        "end_time_seconds": "1653573039"
    },
    "total": 42.4986484,
    "count": 1,
    "self": 0.01354530000000409,
    "children": {
        "run_training.setup": {
            "total": 0.11812369999999994,
            "count": 1,
            "self": 0.11812369999999994
        },
        "TrainerController.start_learning": {
            "total": 42.3669794,
            "count": 1,
            "self": 0.05977110000002739,
            "children": {
                "TrainerController._reset_env": {
                    "total": 9.873467999999999,
                    "count": 1,
                    "self": 9.873467999999999
                },
                "TrainerController.advance": {
                    "total": 32.29346789999997,
                    "count": 1939,
                    "self": 0.02746969999997617,
                    "children": {
                        "env_step": {
                            "total": 32.26599819999999,
                            "count": 1939,
                            "self": 30.172891599999925,
                            "children": {
                                "SubprocessEnvManager._take_step": {
                                    "total": 2.0640765999998933,
                                    "count": 1939,
                                    "self": 0.1307668000000053,
                                    "children": {
                                        "TorchPolicy.evaluate": {
                                            "total": 1.933309799999888,
                                            "count": 1936,
                                            "self": 0.3926146999998199,
                                            "children": {
                                                "TorchPolicy.sample_actions": {
                                                    "total": 1.5406951000000682,
                                                    "count": 1936,
                                                    "self": 1.5406951000000682
                                                }
                                            }
                                        }
                                    }
                                },
                                "workers": {
                                    "total": 0.029030000000172862,
                                    "count": 1938,
                                    "self": 0.0,
                                    "children": {
                                        "worker_root": {
                                            "total": 32.294005399999804,
                                            "count": 1938,
                                            "is_parallel": true,
                                            "self": 4.456602599999755,
                                            "children": {
                                                "steps_from_proto": {
                                                    "total": 0.0004124999999994827,
                                                    "count": 1,
                                                    "is_parallel": true,
                                                    "self": 0.0001516999999982005,
                                                    "children": {
                                                        "_process_rank_one_or_two_observation": {
                                                            "total": 0.00026080000000128223,
                                                            "count": 4,
                                                            "is_parallel": true,
                                                            "self": 0.00026080000000128223
                                                        }
                                                    }
                                                },
                                                "UnityEnvironment.step": {
                                                    "total": 27.83699030000005,
                                                    "count": 1938,
                                                    "is_parallel": true,
                                                    "self": 0.16729060000006157,
                                                    "children": {
                                                        "UnityEnvironment._generate_step_input": {
                                                            "total": 0.33590670000000955,
                                                            "count": 1938,
                                                            "is_parallel": true,
                                                            "self": 0.33590670000000955
                                                        },
                                                        "communicator.exchange": {
                                                            "total": 26.485564699999866,
                                                            "count": 1938,
                                                            "is_parallel": true,
                                                            "self": 26.485564699999866
                                                        },
                                                        "steps_from_proto": {
                                                            "total": 0.8482283000001125,
                                                            "count": 1938,
                                                            "is_parallel": true,
                                                            "self": 0.302362400000181,
                                                            "children": {
                                                                "_process_rank_one_or_two_observation": {
                                                                    "total": 0.5458658999999315,
                                                                    "count": 7752,
                                                                    "is_parallel": true,
                                                                    "self": 0.5458658999999315
                                                                }
                                                            }
                                                        }
                                                    }
                                                }
                                            }
                                        }
                                    }
                                }
                            }
                        }
                    }
                },
                "trainer_threads": {
                    "total": 2.309999999994261e-05,
                    "count": 1,
                    "self": 2.309999999994261e-05,
                    "children": {
                        "thread_root": {
                            "total": 0.0,
                            "count": 0,
                            "is_parallel": true,
                            "self": 0.0,
                            "children": {
                                "trainer_advance": {
                                    "total": 32.304505100000014,