{
    "name": "root",
    "gauges": {
        "PathFollowing.Policy.Entropy.mean": {
            "value": 1.2803305387496948,
            "min": 1.2803304195404053,
            "max": 1.2803305387496948,
            "count": 2
        },
        "PathFollowing.Policy.Entropy.sum": {
            "value": 12758.494140625,
            "min": 9493.650390625,
            "max": 12758.494140625,
            "count": 2
        },
        "PathFollowing.Policy.ExtrinsicValueEstimate.mean": {
            "value": -0.2765082120895386,
            "min": -0.3756582736968994,
            "max": -0.2765082120895386,
            "count": 2
        },
        "PathFollowing.Policy.ExtrinsicValueEstimate.sum": {
            "value": -24.056215286254883,
            "min": -24.056215286254883,
            "max": -22.9151554107666,
            "count": 2
        },
        "PathFollowing.Environment.EpisodeLength.mean": {
            "value": 414.2083333333333,
            "min": 414.2083333333333,
            "max": 542.25,
            "count": 2
        },
        "PathFollowing.Environment.EpisodeLength.sum": {
            "value": 9941.0,
            "min": 6507.0,
            "max": 9941.0,
            "count": 2
        },
        "PathFollowing.Environment.CumulativeReward.mean": {
            "value": -1.723253349463145,
            "min": -2.7589718649784722,
            "max": -1.723253349463145,
            "count": 2
        },
        "PathFollowing.Environment.CumulativeReward.sum": {
            "value": -41.35808038711548,
            "min": -41.35808038711548,
            "max": -33.10766237974167,
            "count": 2
        },
        "PathFollowing.Policy.ExtrinsicReward.mean": {
            "value": -1.723253349463145,
            "min": -2.7589718649784722,
            "max": -1.723253349463145,
            "count": 2
        },
        "PathFollowing.Policy.ExtrinsicReward.sum": {
            "value": -41.35808038711548,
            "min": -41.35808038711548,
            "max": -33.10766237974167,
            "count": 2
        },
        "PathFollowing.Events.Goals.mean": {
            "value": 60.0,
            "min": 50.0,
            "max": 60.0,
            "count": 2
        },
        "PathFollowing.Events.Goals.sum": {
            "value": 120.0,
            "min": 50.0,
            "max": 120.0,
            "count": 2
        },
        "PathFollowing.Events.Timeouts.mean": {
            "value": 40.0,
            "min": 40.0,
            "max": 50.0,
            "count": 2
        },
        "PathFollowing.Events.Timeouts.sum": {
            "value": 80.0,
            "min": 50.0,
            "max": 80.0,
            "count": 2
        },
        "PathFollowing.Events.Collisions.mean": {
            "value": 55.0,
            "min": 55.0,
            "max": 60.0,
            "count": 2
        },
        "PathFollowing.Events.Collisions.sum": {
            "value": 110.0,
            "min": 60.0,
            "max": 110.0,
            "count": 2
        },
        "PathFollowing.Rewards.Goals.mean": {
            "value": 0.6000000238418579,
            "min": 0.5,
            "max": 0.6000000238418579,
            "count": 2
        },
        "PathFollowing.Rewards.Goals.sum": {
            "value": 1.2000000476837158,
            "min": 0.5,
            "max": 1.2000000476837158,
            "count": 2
        },
        "PathFollowing.Rewards.Dense.mean": {
            "value": -2.8630290031433105,
            "min": -3.1737935543060303,
            "max": -2.8630290031433105,
            "count": 2
        },
        "PathFollowing.Rewards.Dense.sum": {
            "value": -5.726058006286621,
            "min": -5.726058006286621,
            "max": -3.1737935543060303,
            "count": 2
        },
        "PathFollowing.Rewards.Collisions.mean": {
            "value": -0.012499998789280653,
            "min": -0.012499998789280653,
            "max": -0.007999999448657036,
            "count": 2
        },
        "PathFollowing.Rewards.Collisions.sum": {
            "value": -0.024999997578561306,
            "min": -0.024999997578561306,
            "max": -0.007999999448657036,
            "count": 2
        },
        "PathFollowing.Rewards.Time.mean": {
            "value": 0.0,
            "min": 0.0,
            "max": 0.0,
            "count": 2
        },
        "PathFollowing.Rewards.Time.sum": {
            "value": 0.0,
            "min": 0.0,
            "max": 0.0,
            "count": 2
        },
        "PathFollowing.Rewards.Distance.mean": {
            "value": -286.2204132080078,
            "min": -317.25860595703125,
            "max": -286.2204132080078,
            "count": 2
        },
        "PathFollowing.Rewards.Distance.sum": {
            "value": -572.4408264160156,
            "min": -572.4408264160156,
            "max": -317.25860595703125,
            "count": 2
        },
        "PathFollowing.Rewards.Allignment.mean": {
            "value": -0.08489524759352207,
            "min": -0.12323768436908722,
            "max": -0.08489524759352207,
            "count": 2
        },
        "PathFollowing.Rewards.Allignment.sum": {
            "value": -0.16979049518704414,
            "min": -0.16979049518704414,
            "max": -0.12323768436908722,
            "count": 2
        },
        "PathFollowing.IsTraining.mean": {
            "value": 1.0,
            "min": 1.0,
            "max": 1.0,
            "count": 2
        },
        "PathFollowing.IsTraining.sum": {
            "value": 1.0,
            "min": 1.0,
            "max": 1.0,
            "count": 2
        }
    },
    "metadata": {
        "timer_format_version": "0.1.0",
        "start_time_seconds": "1654101324",
        "python_version": "3.9.1 (tags/v3.9.1:1e5d33e, Dec  7 2020, 17:08:21) [MSC v.1927 64 bit (AMD64)]",
        "command_line_arguments": "D:\\Python3_9_1\\Scripts\\mlagents-learn ./trainer_config.yaml --run-id Room2 --resume",
        "mlagents_version": "0.25.0",
        "mlagents_envs_version": "0.25.0",
        "communication_protocol_version": "1.5.0",
        "pytorch_version": "1.7.1+cu110",
        "numpy_version": "1.20.0",
        "end_time_seconds": "1654101745"
    },
    "total": 421.06141180000003,
    "count": 1,
    "self": 0.022472199999981513,
    "children": {
        "run_training.setup": {
            "total": 0.11899789999999988,
            "count": 1,
            "self": 0.11899789999999988
        },
        "TrainerController.start_learning": {
            "total": 420.91994170000004,
            "count": 1,
            "self": 0.7844013999975346,
            "children": {
                "TrainerController._reset_env": {
                    "total": 6.9439452,
                    "count": 1,
                    "self": 6.9439452
                },
                "TrainerController.advance": {
                    "total": 412.9724790000025,
                    "count": 23061,
                    "self": 0.39998440000556457,
                    "children": {
                        "env_step": {
                            "total": 412.57249459999696,
                            "count": 23061,
                            "self": 385.5988952999985,
                            "children": {
                                "SubprocessEnvManager._take_step": {
                                    "total": 26.568035600001963,
                                    "count": 23061,
                                    "self": 1.7700762000040733,
                                    "children": {
                                        "TorchPolicy.evaluate": {
                                            "total": 24.79795939999789,
                                            "count": 23011,
                                            "self": 5.052281099993092,