{
    "name": "root",
    "gauges": {
        "PathFollowing.Policy.Entropy.mean": {
            "value": 1.4189382791519165,
            "min": 1.4189382791519165,
            "max": 1.4189382791519165,
            "count": 1
        },
        "PathFollowing.Policy.Entropy.sum": {
            "value": 5112.4345703125,
            "min": 5112.4345703125,
            "max": 5112.4345703125,
            "count": 1
        },
        "PathFollowing.Policy.ExtrinsicValueEstimate.mean": {
            "value": 1.0473787784576416,
            "min": 1.0473787784576416,
            "max": 1.0473787784576416,
            "count": 1
        },
        "PathFollowing.Policy.ExtrinsicValueEstimate.sum": {
            "value": 29.32660675048828,
            "min": 29.32660675048828,
            "max": 29.32660675048828,
            "count": 1
        },
        "PathFollowing.Environment.EpisodeLength.mean": {
            "value": 458.85714285714283,
            "min": 458.85714285714283,
            "max": 458.85714285714283,
            "count": 1
        },
        "PathFollowing.Environment.EpisodeLength.sum": {
            "value": 3212.0,
            "min": 3212.0,
            "max": 3212.0,
            "count": 1
        },
        "PathFollowing.Environment.CumulativeReward.mean": {
            "value": -2.3527600594929288,
            "min": -2.3527600594929288,
            "max": -2.3527600594929288,
            "count": 1
        },
        "PathFollowing.Environment.CumulativeReward.sum": {
            "value": -16.4693204164505,
            "min": -16.4693204164505,
            "max": -16.4693204164505,
            "count": 1
        },
        "PathFollowing.Policy.ExtrinsicReward.mean": {
            "value": -2.3527600594929288,
            "min": -2.3527600594929288,
            "max": -2.3527600594929288,
            "count": 1
        },
        "PathFollowing.Policy.ExtrinsicReward.sum": {
            "value": -16.4693204164505,
            "min": -16.4693204164505,
            "max": -16.4693204164505,
            "count": 1
        },
        "PathFollowing.IsTraining.mean": {
            "value": 1.0,
            "min": 1.0,
            "max": 1.0,
            "count": 1
        },
        "PathFollowing.IsTraining.sum": {
            "value": 1.0,
            "min": 1.0,
            "max": 1.0,
            "count": 1
        }
    },
    "metadata": {
        "timer_format_version": "0.1.0",
        "start_time_seconds": "1652175136",
        "python_version": "3.9.1 (tags/v3.9.1:1e5d33e, Dec  7 2020, 17:08:21) [MSC v.1927 64 bit (AMD64)]",
        "command_line_arguments": "D:\\Python3_9_1\\Scripts\\mlagents-learn ./trainer_config.yaml --run-id generalization_00 --resume",
        "mlagents_version": "0.25.0",
        "mlagents_envs_version": "0.25.0",
        "communication_protocol_version": "1.5.0",
        "pytorch_version": "1.7.1+cu110",
        "numpy_version": "1.20.0",
        "end_time_seconds": "1652175291"
    },
    "total": 154.8000795,
    "count": 1,
    "self": 0.014501300000006268,
    "children": {
        "run_training.setup": {
            "total": 0.11241539999999994,
            "count": 1,
            "self": 0.11241539999999994
        },
        "TrainerController.start_learning": {
            "total": 154.6731628,
            "count": 1,
            "self": 0.24991849999935312,
            "children": {
                "TrainerController._reset_env": {
                    "total": 6.9122076,
                    "count": 1,
                    "self": 6.9122076
                },
                "TrainerController.advance": {
                    "total": 147.37497100000067,
                    "count": 8294,
                    "self": 0.11802170000063938,
                    "children": {
                        "env_step": {
                            "total": 147.25694930000003,
                            "count": 8294,
                            "self": 138.85794739999997,
                            "children": {
                                "SubprocessEnvManager._take_step": {
                                    "total": 8.27060429999989,
                                    "count": 8294,
                                    "self": 0.5432490000006442,
                                    "children": {
                                        "TorchPolicy.evaluate": {
                                            "total": 7.727355299999246,
                                            "count": 8276,
                                            "self": 1.6125885999988778,
                                            "children": {
                                                "TorchPolicy.sample_actions": {
                                                    "total": 6.114766700000368,
                                                    "count": 8276,
                                                    "self": 6.114766700000368
                                                }
                                            }
                                        }
                                    }
                                },
                                "workers": {
                                    "total": 0.1283976000001612,
                                    "count": 8293,
                                    "self": 0.0,
                                    "children": {
                                        "worker_root": {
                                            "total": 147.28986979999922,
                                            "count": 8293,
                                            "is_parallel": true,
                                            "self": 18.318938799999643,
                                            "children": {
                                                "steps_from_proto": {
                                                    "total": 0.0005024999999996282,
                                                    "count": 1,
                                                    "is_parallel": true,
                                                    "self": 0.00014259999999843842,
                                                    "children": {
                                                        "_process_rank_one_or_two_observation": {
                                                            "total": 0.0003599000000011898,
                                                            "count": 4,
                                                            "is_parallel": true,
                                                            "self": 0.0003599000000011898
                                                        }
                                                    }
                                                },
                                                "UnityEnvironment.step": {
                                                    "total": 128.97042849999957,
                                                    "count": 8293,
                                                    "is_parallel": true,
                                                    "self": 0.7061391000001151,
                                                    "children": {
                                                        "UnityEnvironment._generate_step_input": {
                                                            "total": 1.4597947999991066,
                                                            "count": 8293,
                                                            "is_parallel": true,
                                                            "self": 1.4597947999991066
                                                        },
                                                        "communicator.exchange": {
                                                            "total": 123.19240549999986,