{
    "name": "root",
    "gauges": {
        "PathFollowing.Policy.Entropy.mean": {
            "value": 1.4189385175704956,
            "min": 1.4189385175704956,
            "max": 1.4189385175704956,
            "count": 1
        },
        "PathFollowing.Policy.Entropy.sum": {
            "value": 1072.717529296875,
            "min": 1072.717529296875,
            "max": 1072.717529296875,
            "count": 1
        },
        "PathFollowing.Policy.ExtrinsicValueEstimate.mean": {
            "value": 2.758544445037842,
            "min": 2.758544445037842,
            "max": 2.758544445037842,
            "count": 1
        },
        "PathFollowing.Policy.ExtrinsicValueEstimate.sum": {
            "value": 13.79272174835205,
            "min": 13.79272174835205,
            "max": 13.79272174835205,
            "count": 1
        },
        "PathFollowing.Environment.EpisodeLength.mean": {
            "value": 499.0,
            "min": 499.0,
            "max": 499.0,
            "count": 1
        },
        "PathFollowing.Environment.EpisodeLength.sum": {
            "value": 499.0,
            "min": 499.0,
            "max": 499.0,
            "count": 1
        },
        "PathFollowing.Environment.CumulativeReward.mean": {
            "value": -2.7784114480018616,
            "min": -2.7784114480018616,
            "max": -2.7784114480018616,
            "count": 1
        },
        "PathFollowing.Environment.CumulativeReward.sum": {
            "value": -2.7784114480018616,
            "min": -2.7784114480018616,
            "max": -2.7784114480018616,
            "count": 1
        },
        "PathFollowing.Policy.ExtrinsicReward.mean": {
            "value": -2.7784114480018616,
            "min": -2.7784114480018616,
            "max": -2.7784114480018616,
            "count": 1
        },
        "PathFollowing.Policy.ExtrinsicReward.sum": {
            "value": -2.7784114480018616,
            "min": -2.7784114480018616,
            "max": -2.7784114480018616,
            "count": 1
        },
        "PathFollowing.IsTraining.mean": {
            "value": 1.0,
            "min": 1.0,
            "max": 1.0,
            "count": 1
        },
        "PathFollowing.IsTraining.sum": {
            "value": 1.0,
            "min": 1.0,
            "max": 1.0,
            "count": 1
        }
    },
    "metadata": {
        "timer_format_version": "0.1.0",
        "start_time_seconds": "1652287909",
        "python_version": "3.9.1 (tags/v3.9.1:1e5d33e, Dec  7 2020, 17:08:21) [MSC v.1927 64 bit (AMD64)]",
        "command_line_arguments": "D:\\Python3_9_1\\Scripts\\mlagents-learn ./trainer_config.yaml --run-id generalization_00 --resume",
        "mlagents_version": "0.25.0",
        "mlagents_envs_version": "0.25.0",
        "communication_protocol_version": "1.5.0",
        "pytorch_version": "1.7.1+cu110",
        "numpy_version": "1.20.0",
        "end_time_seconds": "1652287940"
    },
    "total": 30.8285937,
    "count": 1,
    "self": 0.021938099999996297,
    "children": {
        "run_training.setup": {
            "total": 0.11291279999999992,
            "count": 1,
            "self": 0.11291279999999992
        },
        "TrainerController.start_learning": {
            "total": 30.693742800000003,
            "count": 1,
            "self": 0.045367900000037764,
            "children": {
                "TrainerController._reset_env": {
                    "total": 7.5479144,
                    "count": 1,
                    "self": 7.5479144
                },
                "TrainerController.advance": {
                    "total": 22.949828699999966,
                    "count": 1264,
                    "self": 0.01792079999995977,
                    "children": {
                        "env_step": {
                            "total": 22.931907900000006,
                            "count": 1264,
                            "self": 21.65667799999997,
                            "children": {
                                "SubprocessEnvManager._take_step": {
                                    "total": 1.256473399999999,
                                    "count": 1264,
                                    "self": 0.08453969999996325,
                                    "children": {
                                        "TorchPolicy.evaluate": {
                                            "total": 1.1719337000000358,
                                            "count": 1261,
                                            "self": 0.24027460000008638,
                                            "children": {
                                                "TorchPolicy.sample_actions": {
                                                    "total": 0.9316590999999494,
                                                    "count": 1261,
                                                    "self": 0.9316590999999494
                                                }
                                            }
                                        }
                                    }
                                },
                                "workers": {
                                    "total": 0.018756500000035814,
                                    "count": 1263,
                                    "self": 0.0,
                                    "children": {
                                        "worker_root": {
                                            "total": 22.950108099999966,
                                            "count": 1263,
                                            "is_parallel": true,
                                            "self": 2.8322840999999634,
                                            "children": {
                                                "steps_from_proto": {
                                                    "total": 0.0005809000000001063,
                                                    "count": 1,
                                                    "is_parallel": true,
                                                    "self": 0.0002462000000003073,
                                                    "children": {
                                                        "_process_rank_one_or_two_observation": {
                                                            "total": 0.00033469999999979905,
                                                            "count": 4,
                                                            "is_parallel": true,
                                                            "self": 0.00033469999999979905
                                                        }
                                                    }
                                                },
                                                "UnityEnvironment.step": {
                                                    "total": 20.117243100000003,
                                                    "count": 1263,
                                                    "is_parallel": true,
                                                    "self": 0.11003050000005032,
                                                    "children": {
                                                        "UnityEnvironment._generate_step_input": {
                                                            "total": 0.2232286999999733,
                                                            "count": 1263,
                                                            "is_parallel": true,
                                                            "self": 0.2232286999999733
                                                        },
                                                        "communicator.exchange": {
                                                            "total": 19.226271899999976,