{
    "name": "root",
    "metadata": {
        "timer_format_version": "0.1.0",
        "start_time_seconds": "1651932959",
        "python_version": "3.9.1 (tags/v3.9.1:1e5d33e, Dec  7 2020, 17:08:21) [MSC v.1927 64 bit (AMD64)]",
        "command_line_arguments": "D:\\Python3_9_1\\Scripts\\mlagents-learn ./trainer_config.yaml --run-id generalization_00 --resume",
        "mlagents_version": "0.25.0",
        "mlagents_envs_version": "0.25.0",
        "communication_protocol_version": "1.5.0",
        "pytorch_version": "1.7.1+cu110",
        "numpy_version": "1.20.0",
        "end_time_seconds": "1651933015"
    },
    "total": 56.685587500000004,
    "count": 1,
    "self": 0.01352059999999966,
    "children": {
        "run_training.setup": {
            "total": 0.11762899999999998,
            "count": 1,
            "self": 0.11762899999999998
        },
        "TrainerController.start_learning": {
            "total": 56.5544379,
            "count": 1,
            "self": 0.08899910000002365,
            "children": {
                "TrainerController._reset_env": {
                    "total": 10.7205213,
                    "count": 1,
                    "self": 10.7205213
                },
                "TrainerController.advance": {
                    "total": 45.565029799999984,
                    "count": 2757,
                    "self": 0.03853079999998954,
                    "children": {
                        "env_step": {
                            "total": 45.526498999999994,
                            "count": 2757,
                            "self": 42.77156950000022,
                            "children": {
                                "SubprocessEnvManager._take_step": {
                                    "total": 2.714611199999908,
                                    "count": 2757,
                                    "self": 0.1816895999999062,
                                    "children": {
                                        "TorchPolicy.evaluate": {
                                            "total": 2.5329216000000017,
                                            "count": 2752,
                                            "self": 0.5267089999999754,
                                            "children": {
                                                "TorchPolicy.sample_actions": {
                                                    "total": 2.006212600000026,
                                                    "count": 2752,
                                                    "self": 2.006212600000026
                                                }
                                            }
                                        }
                                    }
                                },
                                "workers": {
                                    "total": 0.04031829999986947,
                                    "count": 2756,
                                    "self": 0.0,
                                    "children": {
                                        "worker_root": {
                                            "total": 45.565357199999994,
                                            "count": 2756,
                                            "is_parallel": true,
                                            "self": 6.056532999999995,
                                            "children": {
                                                "steps_from_proto": {
                                                    "total": 0.00042890000000106454,
                                                    "count": 1,
                                                    "is_parallel": true,
                                                    "self": 0.00014040000000115072,
                                                    "children": {
                                                        "_process_rank_one_or_two_observation": {
                                                            "total": 0.0002884999999999138,
                                                            "count": 4,
                                                            "is_parallel": true,
                                                            "self": 0.0002884999999999138
                                                        }
                                                    }
                                                },
                                                "UnityEnvironment.step": {
                                                    "total": 39.5083953,
                                                    "count": 2756,
                                                    "is_parallel": true,
                                                    "self": 0.2452321000001163,
                                                    "children": {
                                                        "UnityEnvironment._generate_step_input": {
                                                            "total": 0.4791905999998889,
                                                            "count": 2756,
                                                            "is_parallel": true,
                                                            "self": 0.4791905999998889
                                                        },
                                                        "communicator.exchange": {
                                                            "total": 37.55772180000007,
                                                            "count": 2756,
                                                            "is_parallel": true,
                                                            "self": 37.55772180000007
                                                        },
                                                        "steps_from_proto": {
                                                            "total": 1.2262507999999261,
                                                            "count": 2756,
                                                            "is_parallel": true,
                                                            "self": 0.43744690000015574,
                                                            "children": {
                                                                "_process_rank_one_or_two_observation": {
                                                                    "total": 0.7888038999997704,
                                                                    "count": 11024,
                                                                    "is_parallel": true,
                                                                    "self": 0.7888038999997704
                                                                }
                                                            }
                                                        }
                                                    }
                                                }
                                            }
                                        }
                                    }
                                }
                            }
                        }
                    }
                },
                "trainer_threads": {
                    "total": 0.000129799999996294,
                    "count": 1,
                    "self": 0.000129799999996294,
                    "children": {
                        "thread_root": {
                            "total": 0.0,
                            "count": 0,
                            "is_parallel": true,
                            "self": 0.0,
                            "children": {
                                "trainer_advance": {
                                    "total": 45.584186100000146,