{
    "name": "root",
    "metadata": {
        "timer_format_version": "0.1.0",
        "start_time_seconds": "1651935792",
        "python_version": "3.9.1 (tags/v3.9.1:1e5d33e, Dec  7 2020, 17:08:21) [MSC v.1927 64 bit (AMD64)]",
        "command_line_arguments": "D:\\Python3_9_1\\Scripts\\mlagents-learn ./trainer_config.yaml --run-id generalization_00 --resume",
        "mlagents_version": "0.25.0",
        "mlagents_envs_version": "0.25.0",
        "communication_protocol_version": "1.5.0",
        "pytorch_version": "1.7.1+cu110",
        "numpy_version": "1.20.0",
        "end_time_seconds": "1651935827"
    },
    "total": 35.3064885,
    "count": 1,
    "self": 0.013479599999996594,
    "children": {
        "run_training.setup": {
            "total": 0.11683160000000004,
            "count": 1,
            "self": 0.11683160000000004
        },
        "TrainerController.start_learning": {
            "total": 35.176177300000006,
            "count": 1,
            "self": 0.052509200000059764,
            "children": {
                "TrainerController._reset_env": {
                    "total": 7.702680900000001,
                    "count": 1,
                    "self": 7.702680900000001
                },
                "TrainerController.advance": {
                    "total": 27.280810299999946,
                    "count": 1707,
                    "self": 0.024869799999883924,
                    "children": {
                        "env_step": {
                            "total": 27.25594050000006,
                            "count": 1707,
                            "self": 25.536464699999975,
                            "children": {
                                "SubprocessEnvManager._take_step": {
                                    "total": 1.6940507000000213,
                                    "count": 1707,
                                    "self": 0.11166839999998324,
                                    "children": {
                                        "TorchPolicy.evaluate": {
                                            "total": 1.582382300000038,
                                            "count": 1704,
                                            "self": 0.3191645999999704,
                                            "children": {
                                                "TorchPolicy.sample_actions": {
                                                    "total": 1.2632177000000677,
                                                    "count": 1704,
                                                    "self": 1.2632177000000677
                                                }
                                            }
                                        }
                                    }
                                },
                                "workers": {
                                    "total": 0.025425100000063594,
                                    "count": 1706,
                                    "self": 0.0,
                                    "children": {
                                        "worker_root": {
                                            "total": 27.263581799999955,
                                            "count": 1706,
                                            "is_parallel": true,
                                            "self": 3.757059099999971,
                                            "children": {
                                                "steps_from_proto": {
                                                    "total": 0.0007804999999994067,
                                                    "count": 1,
                                                    "is_parallel": true,
                                                    "self": 0.00023689999999909617,
                                                    "children": {
                                                        "_process_rank_one_or_two_observation": {
                                                            "total": 0.0005436000000003105,
                                                            "count": 4,
                                                            "is_parallel": true,
                                                            "self": 0.0005436000000003105
                                                        }
                                                    }
                                                },
                                                "UnityEnvironment.step": {
                                                    "total": 23.505742199999986,
                                                    "count": 1706,
                                                    "is_parallel": true,
                                                    "self": 0.15196609999998145,
                                                    "children": {
                                                        "UnityEnvironment._generate_step_input": {
                                                            "total": 0.2988985000000959,
                                                            "count": 1706,
                                                            "is_parallel": true,
                                                            "self": 0.2988985000000959
                                                        },
                                                        "communicator.exchange": {
                                                            "total": 22.305837799999882,
                                                            "count": 1706,
                                                            "is_parallel": true,
                                                            "self": 22.305837799999882
                                                        },
                                                        "steps_from_proto": {
                                                            "total": 0.7490398000000251,
                                                            "count": 1706,
                                                            "is_parallel": true,
                                                            "self": 0.2683402000000745,
                                                            "children": {
                                                                "_process_rank_one_or_two_observation": {
                                                                    "total": 0.4806995999999506,
                                                                    "count": 6824,
                                                                    "is_parallel": true,
                                                                    "self": 0.4806995999999506
                                                                }
                                                            }
                                                        }
                                                    }
                                                }
                                            }
                                        }
                                    }
                                }
                            }
                        }
                    }
                },
                "trainer_threads": {
                    "total": 2.0700000000317686e-05,
                    "count": 1,
                    "self": 2.0700000000317686e-05,
                    "children": {
                        "thread_root": {
                            "total": 0.0,
                            "count": 0,
                            "is_parallel": true,
                            "self": 0.0,