{
    "name": "root",
    "metadata": {
        "timer_format_version": "0.1.0",
        "start_time_seconds": "1651429502",
        "python_version": "3.9.1 (tags/v3.9.1:1e5d33e, Dec  7 2020, 17:08:21) [MSC v.1927 64 bit (AMD64)]",
        "command_line_arguments": "D:\\Python3_9_1\\Scripts\\mlagents-learn ./trainer_config.yaml --run-id generalization_00 --resume",
        "mlagents_version": "0.25.0",
        "mlagents_envs_version": "0.25.0",
        "communication_protocol_version": "1.5.0",
        "pytorch_version": "1.7.1+cu110",
        "numpy_version": "1.20.0",
        "end_time_seconds": "1651429515"
    },
    "total": 13.3564939,
    "count": 1,
    "self": 0.01465060000000129,
    "children": {
        "run_training.setup": {
            "total": 0.13339689999999993,
            "count": 1,
            "self": 0.13339689999999993
        },
        "TrainerController.start_learning": {
            "total": 13.2084464,
            "count": 1,
            "self": 0.008385799999995669,
            "children": {
                "TrainerController._reset_env": {
                    "total": 8.2963912,
                    "count": 1,
                    "self": 8.2963912
                },
                "TrainerController.advance": {
                    "total": 4.769497900000003,
                    "count": 272,
                    "self": 0.0037323000000100137,
                    "children": {
                        "env_step": {
                            "total": 4.765765599999993,
                            "count": 272,
                            "self": 4.500045000000002,
                            "children": {
                                "SubprocessEnvManager._take_step": {
                                    "total": 0.2619230999999953,
                                    "count": 272,
                                    "self": 0.017489199999998206,
                                    "children": {
                                        "TorchPolicy.evaluate": {
                                            "total": 0.2444338999999971,
                                            "count": 272,
                                            "self": 0.05082179999997649,
                                            "children": {
                                                "TorchPolicy.sample_actions": {
                                                    "total": 0.1936121000000206,
                                                    "count": 272,
                                                    "self": 0.1936121000000206
                                                }
                                            }
                                        }
                                    }
                                },
                                "workers": {
                                    "total": 0.0037974999999956793,
                                    "count": 271,
                                    "self": 0.0,
                                    "children": {
                                        "worker_root": {
                                            "total": 4.775088900000005,
                                            "count": 271,
                                            "is_parallel": true,
                                            "self": 0.6194719000000113,
                                            "children": {
                                                "steps_from_proto": {
                                                    "total": 0.0005391999999986297,
                                                    "count": 1,
                                                    "is_parallel": true,
                                                    "self": 0.00023020000000073537,
                                                    "children": {
                                                        "_process_rank_one_or_two_observation": {
                                                            "total": 0.0003089999999978943,
                                                            "count": 4,
                                                            "is_parallel": true,
                                                            "self": 0.0003089999999978943
                                                        }
                                                    }
                                                },
                                                "UnityEnvironment.step": {
                                                    "total": 4.1550777999999955,
                                                    "count": 271,
                                                    "is_parallel": true,
                                                    "self": 0.023523400000009076,
                                                    "children": {
                                                        "UnityEnvironment._generate_step_input": {
                                                            "total": 0.04871580000000009,
                                                            "count": 271,
                                                            "is_parallel": true,
                                                            "self": 0.04871580000000009
                                                        },
                                                        "communicator.exchange": {
                                                            "total": 3.9618305000000085,
                                                            "count": 271,
                                                            "is_parallel": true,
                                                            "self": 3.9618305000000085
                                                        },
                                                        "steps_from_proto": {
                                                            "total": 0.12100809999997786,
                                                            "count": 271,
                                                            "is_parallel": true,
                                                            "self": 0.042952199999929164,
                                                            "children": {
                                                                "_process_rank_one_or_two_observation": {
                                                                    "total": 0.0780559000000487,
                                                                    "count": 1084,
                                                                    "is_parallel": true,
                                                                    "self": 0.0780559000000487
                                                                }
                                                            }
                                                        }
                                                    }
                                                }
                                            }
                                        }
                                    }
                                }
                            }
                        }
                    }
                },
                "trainer_threads": {
                    "total": 6.95000000003887e-05,
                    "count": 1,
                    "self": 6.95000000003887e-05,
                    "children": {
                        "thread_root": {
                            "total": 0.0,
                            "count": 0,
                            "is_parallel": true,
                            "self": 0.0,
                            "children": {
                                "trainer_advance": {
                                    "total": 4.7703944999999965,