{
    "name": "root",
    "metadata": {
        "timer_format_version": "0.1.0",
        "start_time_seconds": "1652286567",
        "python_version": "3.9.1 (tags/v3.9.1:1e5d33e, Dec  7 2020, 17:08:21) [MSC v.1927 64 bit (AMD64)]",
        "command_line_arguments": "D:\\Python3_9_1\\Scripts\\mlagents-learn ./trainer_config.yaml --run-id generalization_00 --resume",
        "mlagents_version": "0.25.0",
        "mlagents_envs_version": "0.25.0",
        "communication_protocol_version": "1.5.0",
        "pytorch_version": "1.7.1+cu110",
        "numpy_version": "1.20.0",
        "end_time_seconds": "1652286643"
    },
    "total": 76.4417114,
    "count": 1,
    "self": 0.02058540000000164,
    "children": {
        "run_training.setup": {
            "total": 0.11303229999999997,
            "count": 1,
            "self": 0.11303229999999997
        },
        "TrainerController.start_learning": {
            "total": 76.3080937,
            "count": 1,
            "self": 0.13713730000003466,
            "children": {
                "TrainerController._reset_env": {
                    "total": 4.3123517,
                    "count": 1,
                    "self": 4.3123517
                },
                "TrainerController.advance": {
                    "total": 71.67099669999996,
                    "count": 4084,
                    "self": 0.06262009999976215,
                    "children": {
                        "env_step": {
                            "total": 71.6083766000002,
                            "count": 4084,
                            "self": 67.04029530000022,
                            "children": {
                                "SubprocessEnvManager._take_step": {
                                    "total": 4.501209800000044,
                                    "count": 4084,
                                    "self": 0.3066574999999929,
                                    "children": {
                                        "TorchPolicy.evaluate": {
                                            "total": 4.194552300000051,
                                            "count": 4074,
                                            "self": 0.8589652999995101,
                                            "children": {
                                                "TorchPolicy.sample_actions": {
                                                    "total": 3.335587000000541,
                                                    "count": 4074,
                                                    "self": 3.335587000000541
                                                }
                                            }
                                        }
                                    }
                                },
                                "workers": {
                                    "total": 0.06687149999993114,
                                    "count": 4083,
                                    "self": 0.0,
                                    "children": {
                                        "worker_root": {
                                            "total": 71.63511669999994,
                                            "count": 4083,
                                            "is_parallel": true,
                                            "self": 9.879320399999756,
                                            "children": {
                                                "steps_from_proto": {
                                                    "total": 0.00045739999999927505,
                                                    "count": 1,
                                                    "is_parallel": true,
                                                    "self": 0.00013219999999947163,
                                                    "children": {
                                                        "_process_rank_one_or_two_observation": {
                                                            "total": 0.0003251999999998034,
                                                            "count": 4,
                                                            "is_parallel": true,
                                                            "self": 0.0003251999999998034
                                                        }
                                                    }
                                                },
                                                "UnityEnvironment.step": {
                                                    "total": 61.75533890000018,
                                                    "count": 4083,
                                                    "is_parallel": true,
                                                    "self": 0.3730323000003892,
                                                    "children": {
                                                        "UnityEnvironment._generate_step_input": {
                                                            "total": 0.7871168000000344,
                                                            "count": 4083,
                                                            "is_parallel": true,
                                                            "self": 0.7871168000000344
                                                        },
                                                        "communicator.exchange": {
                                                            "total": 58.65624080000002,
                                                            "count": 4083,
                                                            "is_parallel": true,
                                                            "self": 58.65624080000002
                                                        },
                                                        "steps_from_proto": {
                                                            "total": 1.9389489999997371,
                                                            "count": 4083,
                                                            "is_parallel": true,
                                                            "self": 0.6951258999998284,
                                                            "children": {
                                                                "_process_rank_one_or_two_observation": {
                                                                    "total": 1.2438230999999087,
                                                                    "count": 16332,
                                                                    "is_parallel": true,
                                                                    "self": 1.2438230999999087
                                                                }
                                                            }
                                                        }
                                                    }
                                                }
                                            }
                                        }
                                    }
                                }
                            }
                        }
                    }
                },
                "trainer_threads": {
                    "total": 5.180000000848395e-05,
                    "count": 1,
                    "self": 5.180000000848395e-05,
                    "children": {
                        "thread_root": {
                            "total": 0.0,
                            "count": 0,
                            "is_parallel": true,
                            "self": 0.0,
                            "children": {
                                "trainer_advance": {
                                    "total": 71.69329039999987,