{
    "name": "root",
    "metadata": {
        "timer_format_version": "0.1.0",
        "start_time_seconds": "1652347026",
        "python_version": "3.9.1 (tags/v3.9.1:1e5d33e, Dec  7 2020, 17:08:21) [MSC v.1927 64 bit (AMD64)]",
        "command_line_arguments": "D:\\Python3_9_1\\Scripts\\mlagents-learn ./trainer_config.yaml --run-id generalization_00 --resume",
        "mlagents_version": "0.25.0",
        "mlagents_envs_version": "0.25.0",
        "communication_protocol_version": "1.5.0",
        "pytorch_version": "1.7.1+cu110",
        "numpy_version": "1.20.0",
        "end_time_seconds": "1652347071"
    },
    "total": 45.3083951,
    "count": 1,
    "self": 0.013489700000000937,
    "children": {
        "run_training.setup": {
            "total": 0.12445189999999995,
            "count": 1,
            "self": 0.12445189999999995
        },
        "TrainerController.start_learning": {
            "total": 45.1704535,
            "count": 1,
            "self": 0.06784960000005924,
            "children": {
                "TrainerController._reset_env": {
                    "total": 6.0058819,
                    "count": 1,
                    "self": 6.0058819
                },
                "TrainerController.advance": {
                    "total": 38.67755449999994,
                    "count": 2069,
                    "self": 0.031289199999960715,
                    "children": {
                        "env_step": {
                            "total": 38.64626529999998,
                            "count": 2069,
                            "self": 36.57245389999996,
                            "children": {
                                "SubprocessEnvManager._take_step": {
                                    "total": 2.043110900000019,
                                    "count": 2069,
                                    "self": 0.13853569999999937,
                                    "children": {
                                        "TorchPolicy.evaluate": {
                                            "total": 1.9045752000000196,
                                            "count": 2069,
                                            "self": 0.39394780000017704,
                                            "children": {
                                                "TorchPolicy.sample_actions": {
                                                    "total": 1.5106273999998425,
                                                    "count": 2069,
                                                    "self": 1.5106273999998425
                                                }
                                            }
                                        }
                                    }
                                },
                                "workers": {
                                    "total": 0.030700500000006237,
                                    "count": 2068,
                                    "self": 0.0,
                                    "children": {
                                        "worker_root": {
                                            "total": 38.66994929999988,
                                            "count": 2068,
                                            "is_parallel": true,
                                            "self": 4.541714599999878,
                                            "children": {
                                                "steps_from_proto": {
                                                    "total": 0.00043269999999928643,
                                                    "count": 1,
                                                    "is_parallel": true,
                                                    "self": 0.00012909999999966004,
                                                    "children": {
                                                        "_process_rank_one_or_two_observation": {
                                                            "total": 0.0003035999999996264,
                                                            "count": 4,
                                                            "is_parallel": true,
                                                            "self": 0.0003035999999996264
                                                        }
                                                    }
                                                },
                                                "UnityEnvironment.step": {
                                                    "total": 34.127802,
                                                    "count": 2068,
                                                    "is_parallel": true,
                                                    "self": 0.17741230000005714,
                                                    "children": {
                                                        "UnityEnvironment._generate_step_input": {
                                                            "total": 0.36575059999995396,
                                                            "count": 2068,
                                                            "is_parallel": true,
                                                            "self": 0.36575059999995396
                                                        },
                                                        "communicator.exchange": {
                                                            "total": 32.67784300000002,
                                                            "count": 2068,
                                                            "is_parallel": true,
                                                            "self": 32.67784300000002
                                                        },
                                                        "steps_from_proto": {
                                                            "total": 0.9067960999999736,
                                                            "count": 2068,
                                                            "is_parallel": true,
                                                            "self": 0.3219304000000607,
                                                            "children": {
                                                                "_process_rank_one_or_two_observation": {
                                                                    "total": 0.5848656999999129,
                                                                    "count": 8272,
                                                                    "is_parallel": true,
                                                                    "self": 0.5848656999999129
                                                                }
                                                            }
                                                        }
                                                    }
                                                }
                                            }
                                        }
                                    }
                                }
                            }
                        }
                    }
                },
                "trainer_threads": {
                    "total": 2.769999999685524e-05,
                    "count": 1,
                    "self": 2.769999999685524e-05,
                    "children": {
                        "thread_root": {
                            "total": 0.0,
                            "count": 0,
                            "is_parallel": true,
                            "self": 0.0,
                            "children": {
                                "trainer_advance": {
                                    "total": 38.687370200000046,