{"count":1,"self":29721.3657088,"total":63723.651207899995,"children":{"InitializeActuators":{"count":64,"self":0.0019944,"total":0.0019944,"children":null},"InitializeSensors":{"count":64,"self":0.0099733,"total":0.0099733,"children":null},"AgentSendState":{"count":1575781,"self":54.708908799999996,"total":11278.430604,"children":{"CollectObservations":{"count":10085056,"self":59.935295999999994,"total":59.9352941,"children":null},"WriteActionMask":{"count":10085056,"self":12.8734928,"total":12.8734928,"children":null},"RequestDecision":{"count":10085056,"self":35.7344352,"total":11150.9129055,"children":{"AgentInfo.ToProto":{"count":10085056,"self":38.8751168,"total":11115.1784699,"children":{"GenerateSensorData":{"count":10085056,"self":242.3757312,"total":11076.3033525,"children":{"CameraSensor.GetCompressedObservation":{"count":10085056,"self":10833.927372799999,"total":10833.9276299,"children":null}}}}}}}}},"DecideAction":{"count":1575781,"self":22221.743718399997,"total":22221.743550299998,"children":null},"AgentAct":{"count":1575781,"self":5.7783108,"total":14.3873368,"children":{"AgentInfo.ToProto":{"count":6465,"self":0.026930799999999998,"total":8.609026,"children":{"GenerateSensorData":{"count":6465,"self":0.16053099999999998,"total":8.5820952,"children":{"CameraSensor.GetCompressedObservation":{"count":6465,"self":8.421564,"total":8.4215641999999988,"children":null}}}}}}},"AgentInfo.ToProto":{"count":329461,"self":2.8667292,"total":487.710542,"children":{"GenerateSensorData":{"count":329461,"self":14.4873152,"total":484.84381279999997,"children":{"CameraSensor.GetCompressedObservation":{"count":329461,"self":470.35648,"total":470.35649809999995,"children":null}}}}}},"gauges":{"PathFollowing.CumulativeReward":{"count":335926,"max":94.14622,"min":-739.1516,"runningAverage":-82.84536,"value":-85.5691757,"weightedAverage":-73.67672}},"metadata":{"timer_format_version":"0.1.0","start_time_seconds":"1637249070","unity_version":"2020.3.12f1","command_line_arguments":"C:\\Users\\studente1\\Desktop\\Tesi_Alberti\\MyProject\\ML-builds\\Garage64EnvsCameraTimeout\\Garage64EnvsCameraTimeout.exe --mlagents-port 5006 -logFile C:\\Users\\studente1\\Desktop\\Tesi_Alberti\\MyProject\\results\\1ParkCameraTimeout\\run_logs\\Player-1.log","communication_protocol_version":"1.5.0","com.unity.ml-agents_version":"2.0.0","scene_name":"CameraEnv","end_time_seconds":"1637312793"}}