{"count":1,"self":6735.6725247999993,"total":41668.7106538,"children":{"InitializeActuators":{"count":16,"self":0.0029919,"total":0.0029919,"children":null},"InitializeSensors":{"count":16,"self":0.0049873,"total":0.0049873,"children":null},"AgentSendState":{"count":12500827,"self":6414.8774912,"total":7642.1786296,"children":{"CollectObservations":{"count":20001328,"self":87.5297344,"total":87.5297322,"children":null},"WriteActionMask":{"count":20001328,"self":25.3603408,"total":25.360340299999997,"children":null},"RequestDecision":{"count":20001328,"self":63.3017216,"total":1114.4110463,"children":{"AgentInfo.ToProto":{"count":20001328,"self":72.975552,"total":1051.1093263999999,"children":{"GenerateSensorData":{"count":20001328,"self":760.8595968,"total":978.13377619999994,"children":{"RayPerceptionSensor.Perceive":{"count":20001328,"self":217.2741632,"total":217.27417069999998,"children":null}}}}}}}}},"DecideAction":{"count":12500827,"self":27203.3988608,"total":27203.398590099998,"children":null},"AgentAct":{"count":12500827,"self":66.0508864,"total":68.6257111,"children":{"AgentInfo.ToProto":{"count":28485,"self":0.1815773,"total":2.5748268,"children":{"GenerateSensorData":{"count":28485,"self":2.0755868,"total":2.3932495,"children":{"RayPerceptionSensor.Perceive":{"count":28485,"self":0.31766259999999996,"total":0.31766259999999996,"children":null}}}}}}},"AgentInfo.ToProto":{"count":193723,"self":1.5279325,"total":18.8251921,"children":{"GenerateSensorData":{"count":193723,"self":14.8448432,"total":17.2972596,"children":{"RayPerceptionSensor.Perceive":{"count":193723,"self":2.4524171999999997,"total":2.4524171,"children":null}}}}}},"gauges":{"PathFollowing.CumulativeReward":{"count":222208,"max":93.0083847,"min":-1022.38263,"runningAverage":-122.125069,"value":-87.70967,"weightedAverage":-164.121109}},"metadata":{"timer_format_version":"0.1.0","start_time_seconds":"1635873946","unity_version":"2020.3.12f1","command_line_arguments":"C:\\Users\\studente1\\Desktop\\Tesi_Alberti\\MyProject\\ML-builds\\GarageEnvDefinitivo\\GarageEnv.exe --mlagents-port 5005 -logFile C:\\Users\\studente1\\Desktop\\Tesi_Alberti\\MyProject\\results\\6x512training021121\\run_logs\\Player-0.log","communication_protocol_version":"1.5.0","com.unity.ml-agents_version":"2.0.0","scene_name":"GarageEnv","end_time_seconds":"1635915615"}}