{"count":1,"self":767.710976,"total":4964.4610057,"children":{"InitializeActuators":{"count":1,"self":0.0019944999999999997,"total":0.0019944999999999997,"children":null},"InitializeSensors":{"count":1,"self":0.014960399999999999,"total":0.014960399999999999,"children":null},"AgentSendState":{"count":4766092,"self":13.500089599999999,"total":773.7552539,"children":{"GridSensor.Update":{"count":476610,"self":688.6384128,"total":688.63843609999992,"children":null},"CollectObservations":{"count":476610,"self":3.3093307999999997,"total":3.3093307999999997,"children":null},"WriteActionMask":{"count":476610,"self":0.708905,"total":0.708905,"children":null},"RequestDecision":{"count":476610,"self":1.96555,"total":67.5984916,"children":{"AgentInfo.ToProto":{"count":476610,"self":3.2508,"total":65.6329416,"children":{"GenerateSensorData":{"count":476610,"self":16.2392576,"total":62.382141499999996,"children":{"GridSensor.GetCompressedObservation":{"count":476610,"self":46.1428832,"total":46.142883399999995,"children":null}}}}}}}}},"DecideAction":{"count":4766092,"self":3417.1844607999997,"total":3417.1844785,"children":null},"AgentAct":{"count":4766092,"self":5.4976319999999994,"total":5.581411,"children":{"AgentInfo.ToProto":{"count":736,"self":0.0049869,"total":0.083778899999999989,"children":{"GenerateSensorData":{"count":736,"self":0.021943499999999998,"total":0.078792,"children":{"GridSensor.GetCompressedObservation":{"count":736,"self":0.056848499999999996,"total":0.056848499999999996,"children":null}}}}}}},"AgentInfo.ToProto":{"count":1384,"self":0.0099762999999999987,"total":0.2089598,"children":{"GenerateSensorData":{"count":1384,"self":0.0503877,"total":0.19898349999999998,"children":{"GridSensor.GetCompressedObservation":{"count":1384,"self":0.1485958,"total":0.1485958,"children":null}}}}}},"gauges":{"PathFollowing.CumulativeReward":{"count":2120,"max":88.179,"min":-724.7404,"runningAverage":-238.760513,"value":-266.476776,"weightedAverage":-151.766617}},"metadata":{"timer_format_version":"0.1.0","start_time_seconds":"1637319587","unity_version":"2020.3.12f1","command_line_arguments":"C:\\Users\\studente1\\Desktop\\Tesi_Alberti\\MyProject\\ML-builds\\GridSensorTest\\GridSensorTest.exe -nographics -batchmode --mlagents-port 5007 -logFile C:\\Users\\studente1\\Desktop\\Tesi_Alberti\\MyProject\\results\\GridSensorTest\\run_logs\\Player-2.log","communication_protocol_version":"1.5.0","com.unity.ml-agents_version":"2.0.0","scene_name":"GridSensorEnv","end_time_seconds":"1637324551"}}